timeStamp,elapsed,label,responseCode,responseMessage,threadName,dataType,success,failureMessage,bytes,sentBytes,grpThreads,allThreads,URL,Latency,IdleTime,Connect
1693466597087,100001,RDC_CreateRequest,,Timeout,Thread Group 1-1,text,false,Response was null,0,619,4,4,null,0,0,0
1693466627082,100002,RDC_CreateRequest,,Timeout,Thread Group 1-2,text,false,Response was null,0,619,5,5,null,0,0,0
1693466657078,100002,RDC_CreateRequest,,Timeout,Thread Group 1-3,text,false,Response was null,0,619,5,5,null,0,0,0
1693466717108,61720,RDC_CreateRequest,000,OK,Thread Group 1-1,text,true,,536,619,5,5,null,0,0,0
1693466687083,91758,RDC_CreateRequest,000,OK,Thread Group 1-4,text,true,,536,619,5,5,null,0,0,0
1693466747092,31794,RDC_CreateRequest,000,OK,Thread Group 1-2,text,true,,536,619,5,5,null,0,0,0
1693466777092,1808,RDC_CreateRequest,000,OK,Thread Group 1-3,text,true,,536,619,5,5,null,0,0,0
1693466798855,385,RDC_CreateRequest,000,OK,Thread Group 1-4,text,true,,536,619,5,5,null,0,0,0
1693466798898,441,RDC_CreateRequest,000,OK,Thread Group 1-2,text,true,,536,619,5,5,null,0,0,0
1693466798844,505,RDC_CreateRequest,000,OK,Thread Group 1-1,text,true,,536,619,5,5,null,0,0,0
1693466798914,452,RDC_CreateRequest,000,OK,Thread Group 1-3,text,true,,536,619,5,5,null,0,0,0
1693466717071,100001,RDC_CreateRequest,,Timeout,Thread Group 1-5,text,false,Response was null,0,619,5,5,null,0,0,0
1693466819248,450,RDC_CreateRequest,000,OK,Thread Group 1-4,text,true,,536,619,5,5,null,0,0,0
1693466819358,366,RDC_CreateRequest,000,OK,Thread Group 1-2,text,true,,536,619,5,5,null,0,0,0
1693466819363,492,RDC_CreateRequest,000,OK,Thread Group 1-1,text,true,,536,619,5,5,null,0,0,0
1693466819385,471,RDC_CreateRequest,000,OK,Thread Group 1-3,text,true,,536,619,5,5,null,0,0,0
1693466837089,451,RDC_CreateRequest,000,OK,Thread Group 1-5,text,true,,536,619,5,5,null,0,0,0
1693466839707,420,RDC_CreateRequest,000,OK,Thread Group 1-4,text,true,,536,619,5,5,null,0,0,0
1693466839743,573,RDC_CreateRequest,000,OK,Thread Group 1-2,text,true,,536,619,5,5,null,0,0,0
1693466839863,458,RDC_CreateRequest,000,OK,Thread Group 1-1,text,true,,536,619,5,5,null,0,0,0
1693466839866,531,RDC_CreateRequest,000,OK,Thread Group 1-3,text,true,,536,619,5,5,null,0,0,0
1693466857547,398,RDC_CreateRequest,000,OK,Thread Group 1-5,text,true,,536,619,5,5,null,0,0,0
1693466860330,423,RDC_CreateRequest,000,OK,Thread Group 1-1,text,true,,536,619,5,5,null,0,0,0
1693466860143,697,RDC_CreateRequest,000,OK,Thread Group 1-4,text,true,,536,619,5,5,null,0,0,0
1693466860332,513,RDC_CreateRequest,000,OK,Thread Group 1-2,text,true,,536,619,5,5,null,0,0,0
1693466860408,437,RDC_CreateRequest,000,OK,Thread Group 1-3,text,true,,536,619,5,5,null,0,0,0
1693466877951,425,RDC_CreateRequest,000,OK,Thread Group 1-5,text,true,,536,619,5,5,null,0,0,0
1693466880760,403,RDC_CreateRequest,000,OK,Thread Group 1-1,text,true,,536,619,5,5,null,0,0,0
1693466880860,535,RDC_CreateRequest,000,OK,Thread Group 1-2,text,true,,536,619,5,5,null,0,0,0
1693466880862,803,RDC_CreateRequest,000,OK,Thread Group 1-4,text,true,,536,619,5,5,null,0,0,0
1693466880864,996,RDC_CreateRequest,000,OK,Thread Group 1-3,text,true,,536,619,5,5,null,0,0,0
1693466898387,375,RDC_CreateRequest,000,OK,Thread Group 1-5,text,true,,536,619,5,5,null,0,0,0
1693466901168,324,RDC_CreateRequest,000,OK,Thread Group 1-1,text,true,,536,619,5,5,null,0,0,0
1693466901407,354,RDC_CreateRequest,000,OK,Thread Group 1-2,text,true,,536,619,5,5,null,0,0,0
1693466901672,414,RDC_CreateRequest,000,OK,Thread Group 1-4,text,true,,536,619,5,5,null,0,0,0
1693466901869,411,RDC_CreateRequest,000,OK,Thread Group 1-3,text,true,,536,619,5,5,null,0,0,0
1693466918774,380,RDC_CreateRequest,000,OK,Thread Group 1-5,text,true,,536,619,5,5,null,0,0,0
1693466921497,596,RDC_CreateRequest,000,OK,Thread Group 1-1,text,true,,536,619,5,5,null,0,0,0
1693466921768,664,RDC_CreateRequest,000,OK,Thread Group 1-2,text,true,,536,619,5,5,null,0,0,0
1693466922095,408,RDC_CreateRequest,000,OK,Thread Group 1-4,text,true,,536,619,5,5,null,0,0,0
1693466922286,412,RDC_CreateRequest,000,OK,Thread Group 1-3,text,true,,536,619,5,5,null,0,0,0
1693466939172,372,RDC_CreateRequest,000,OK,Thread Group 1-5,text,true,,536,619,5,5,null,0,0,0
1693466942099,495,RDC_CreateRequest,000,OK,Thread Group 1-1,text,true,,536,619,5,5,null,0,0,0
1693466942447,394,RDC_CreateRequest,000,OK,Thread Group 1-2,text,true,,536,619,5,5,null,0,0,0
1693466942509,566,RDC_CreateRequest,000,OK,Thread Group 1-4,text,true,,536,619,5,5,null,0,0,0
1693466942704,376,RDC_CreateRequest,000,OK,Thread Group 1-3,text,true,,536,619,5,5,null,0,0,0
1693466959558,452,RDC_CreateRequest,000,OK,Thread Group 1-5,text,true,,536,619,5,5,null,0,0,0
1693466962599,354,RDC_CreateRequest,000,OK,Thread Group 1-1,text,true,,536,619,5,5,null,0,0,0
1693466962854,404,RDC_CreateRequest,000,OK,Thread Group 1-2,text,true,,536,619,5,5,null,0,0,0
1693466963083,452,RDC_CreateRequest,000,OK,Thread Group 1-4,text,true,,536,619,5,5,null,0,0,0
1693466963086,481,RDC_CreateRequest,000,OK,Thread Group 1-3,text,true,,536,619,5,5,null,0,0,0
1693466980016,362,RDC_CreateRequest,000,OK,Thread Group 1-5,text,true,,536,619,5,5,null,0,0,0
1693466982961,369,RDC_CreateRequest,000,OK,Thread Group 1-1,text,true,,536,619,5,5,null,0,0,0
1693466983263,439,RDC_CreateRequest,000,OK,Thread Group 1-2,text,true,,536,619,5,5,null,0,0,0
1693466983544,346,RDC_CreateRequest,000,OK,Thread Group 1-4,text,true,,536,619,5,5,null,0,0,0
1693466983579,390,RDC_CreateRequest,000,OK,Thread Group 1-3,text,true,,536,619,5,5,null,0,0,0
1693467000386,546,RDC_CreateRequest,000,OK,Thread Group 1-5,text,true,,536,619,5,5,null,0,0,0
1693467003336,453,RDC_CreateRequest,000,OK,Thread Group 1-1,text,true,,536,619,5,5,null,0,0,0
1693467003715,434,RDC_CreateRequest,000,OK,Thread Group 1-2,text,true,,536,619,5,5,null,0,0,0
1693467003895,426,RDC_CreateRequest,000,OK,Thread Group 1-4,text,true,,536,619,5,5,null,0,0,0
1693467003974,382,RDC_CreateRequest,000,OK,Thread Group 1-3,text,true,,536,619,5,5,null,0,0,0
1693467020950,649,RDC_CreateRequest,000,OK,Thread Group 1-5,text,true,,536,619,5,5,null,0,0,0
1693467023797,330,RDC_CreateRequest,000,OK,Thread Group 1-1,text,true,,536,619,5,5,null,0,0,0
1693467024154,382,RDC_CreateRequest,000,OK,Thread Group 1-2,text,true,,536,619,5,5,null,0,0,0
1693467024331,457,RDC_CreateRequest,000,OK,Thread Group 1-4,text,true,,536,619,5,5,null,0,0,0
1693467024362,466,RDC_CreateRequest,000,OK,Thread Group 1-3,text,true,,536,619,5,5,null,0,0,0
1693467041605,508,RDC_CreateRequest,000,OK,Thread Group 1-5,text,true,,536,619,5,5,null,0,0,0
1693467044137,349,RDC_CreateRequest,000,OK,Thread Group 1-1,text,true,,536,619,5,5,null,0,0,0
1693467044542,352,RDC_CreateRequest,000,OK,Thread Group 1-2,text,true,,536,619,5,5,null,0,0,0
1693467044796,388,RDC_CreateRequest,000,OK,Thread Group 1-4,text,true,,536,619,5,5,null,0,0,0
1693467044843,394,RDC_CreateRequest,000,OK,Thread Group 1-3,text,true,,536,619,5,5,null,0,0,0
1693467062118,548,RDC_CreateRequest,000,OK,Thread Group 1-5,text,true,,536,619,5,5,null,0,0,0
1693467064492,370,RDC_CreateRequest,000,OK,Thread Group 1-1,text,true,,536,619,5,5,null,0,0,0
1693467064900,342,RDC_CreateRequest,000,OK,Thread Group 1-2,text,true,,536,619,5,5,null,0,0,0
1693467065202,520,RDC_CreateRequest,000,OK,Thread Group 1-4,text,true,,536,619,5,5,null,0,0,0
1693467065243,479,RDC_CreateRequest,000,OK,Thread Group 1-3,text,true,,536,619,5,5,null,0,0,0
1693467082673,328,RDC_CreateRequest,000,OK,Thread Group 1-5,text,true,,536,619,5,5,null,0,0,0
1693467084870,518,RDC_CreateRequest,000,OK,Thread Group 1-1,text,true,,536,619,5,5,null,0,0,0
1693467085249,437,RDC_CreateRequest,000,OK,Thread Group 1-2,text,true,,536,619,5,5,null,0,0,0
1693467085728,369,RDC_CreateRequest,000,OK,Thread Group 1-3,text,true,,536,619,5,5,null,0,0,0
1693467085730,367,RDC_CreateRequest,000,OK,Thread Group 1-4,text,true,,536,619,5,5,null,0,0,0
1693467103009,389,RDC_CreateRequest,000,OK,Thread Group 1-5,text,true,,536,619,5,5,null,0,0,0
1693467105391,374,RDC_CreateRequest,000,OK,Thread Group 1-1,text,true,,536,619,5,5,null,0,0,0
1693467105693,406,RDC_CreateRequest,000,OK,Thread Group 1-2,text,true,,536,619,5,5,null,0,0,0
1693467106102,467,RDC_CreateRequest,000,OK,Thread Group 1-4,text,true,,536,619,5,5,null,0,0,0
1693467106104,470,RDC_CreateRequest,000,OK,Thread Group 1-3,text,true,,536,619,5,5,null,0,0,0
1693467123403,408,RDC_CreateRequest,000,OK,Thread Group 1-5,text,true,,536,619,5,5,null,0,0,0
1693467125770,352,RDC_CreateRequest,000,OK,Thread Group 1-1,text,true,,536,619,5,5,null,0,0,0
1693467126118,383,RDC_CreateRequest,000,OK,Thread Group 1-2,text,true,,536,619,5,5,null,0,0,0
1693467126576,426,RDC_CreateRequest,000,OK,Thread Group 1-4,text,true,,536,619,5,5,null,0,0,0
1693467126581,473,RDC_CreateRequest,000,OK,Thread Group 1-3,text,true,,536,619,5,5,null,0,0,0
1693467143823,370,RDC_CreateRequest,000,OK,Thread Group 1-5,text,true,,536,619,5,5,null,0,0,0
1693467146129,345,RDC_CreateRequest,000,OK,Thread Group 1-1,text,true,,536,619,5,5,null,0,0,0
1693467146510,339,RDC_CreateRequest,000,OK,Thread Group 1-2,text,true,,536,619,5,5,null,0,0,0
1693467147074,412,RDC_CreateRequest,000,OK,Thread Group 1-3,text,true,,536,619,5,5,null,0,0,0
1693467147007,484,RDC_CreateRequest,000,OK,Thread Group 1-4,text,true,,536,619,5,5,null,0,0,0
1693467164208,842,RDC_CreateRequest,000,OK,Thread Group 1-5,text,true,,536,619,5,5,null,0,0,0
1693467166477,357,RDC_CreateRequest,000,OK,Thread Group 1-1,text,true,,536,619,5,5,null,0,0,0
1693467166852,406,RDC_CreateRequest,000,OK,Thread Group 1-2,text,true,,536,619,5,5,null,0,0,0
1693467167497,418,RDC_CreateRequest,000,OK,Thread Group 1-3,text,true,,536,619,5,5,null,0,0,0
1693467167498,465,RDC_CreateRequest,000,OK,Thread Group 1-4,text,true,,536,619,5,5,null,0,0,0
1693467185065,458,RDC_CreateRequest,000,OK,Thread Group 1-5,text,true,,536,619,5,5,null,0,0,0
1693467186839,347,RDC_CreateRequest,000,OK,Thread Group 1-1,text,true,,536,619,5,5,null,0,0,0
1693467187263,436,RDC_CreateRequest,000,OK,Thread Group 1-2,text,true,,536,619,5,5,null,0,0,0
1693467187919,463,RDC_CreateRequest,000,OK,Thread Group 1-3,text,true,,536,619,5,5,null,0,0,0
1693467187970,449,RDC_CreateRequest,000,OK,Thread Group 1-4,text,true,,536,619,5,5,null,0,0,0
1693467205535,355,RDC_CreateRequest,000,OK,Thread Group 1-5,text,true,,536,619,5,5,null,0,0,0
1693467207192,461,RDC_CreateRequest,000,OK,Thread Group 1-1,text,true,,536,619,5,5,null,0,0,0
1693467207704,367,RDC_CreateRequest,000,OK,Thread Group 1-2,text,true,,536,619,5,5,null,0,0,0
1693467208387,337,RDC_CreateRequest,000,OK,Thread Group 1-3,text,true,,536,619,5,5,null,0,0,0
1693467208438,333,RDC_CreateRequest,000,OK,Thread Group 1-4,text,true,,536,619,5,5,null,0,0,0
1693467225899,334,RDC_CreateRequest,000,OK,Thread Group 1-5,text,true,,536,619,5,5,null,0,0,0
1693467227660,318,RDC_CreateRequest,000,OK,Thread Group 1-1,text,true,,536,619,5,5,null,0,0,0
1693467228077,336,RDC_CreateRequest,000,OK,Thread Group 1-2,text,true,,536,619,5,5,null,0,0,0
1693467228730,348,RDC_CreateRequest,000,OK,Thread Group 1-3,text,true,,536,619,5,5,null,0,0,0
1693467228780,392,RDC_CreateRequest,000,OK,Thread Group 1-4,text,true,,536,619,5,5,null,0,0,0
1693467246243,388,RDC_CreateRequest,000,OK,Thread Group 1-5,text,true,,536,619,5,5,null,0,0,0
1693467247993,405,RDC_CreateRequest,000,OK,Thread Group 1-1,text,true,,536,619,5,5,null,0,0,0
1693467248421,369,RDC_CreateRequest,000,OK,Thread Group 1-2,text,true,,536,619,5,5,null,0,0,0
1693467249085,434,RDC_CreateRequest,000,OK,Thread Group 1-3,text,true,,536,619,5,5,null,0,0,0
1693467249183,392,RDC_CreateRequest,000,OK,Thread Group 1-4,text,true,,536,619,5,5,null,0,0,0
1693467266646,437,RDC_CreateRequest,000,OK,Thread Group 1-5,text,true,,536,619,5,5,null,0,0,0
1693467268405,326,RDC_CreateRequest,000,OK,Thread Group 1-1,text,true,,536,619,5,5,null,0,0,0
1693467268797,366,RDC_CreateRequest,000,OK,Thread Group 1-2,text,true,,536,619,5,5,null,0,0,0
1693467269524,381,RDC_CreateRequest,000,OK,Thread Group 1-3,text,true,,536,619,5,5,null,0,0,0
1693467269594,352,RDC_CreateRequest,000,OK,Thread Group 1-4,text,true,,536,619,5,5,null,0,0,0
1693467287097,380,RDC_CreateRequest,000,OK,Thread Group 1-5,text,true,,536,619,5,5,null,0,0,0
1693467288736,372,RDC_CreateRequest,000,OK,Thread Group 1-1,text,true,,536,619,5,5,null,0,0,0
1693467289169,350,RDC_CreateRequest,000,OK,Thread Group 1-2,text,true,,536,619,5,5,null,0,0,0
1693467289910,498,RDC_CreateRequest,000,OK,Thread Group 1-3,text,true,,536,619,5,5,null,0,0,0
1693467289963,473,RDC_CreateRequest,000,OK,Thread Group 1-4,text,true,,536,619,5,5,null,0,0,0
1693467307496,350,RDC_CreateRequest,000,OK,Thread Group 1-5,text,true,,536,619,5,5,null,0,0,0
1693467309115,382,RDC_CreateRequest,000,OK,Thread Group 1-1,text,true,,536,619,5,5,null,0,0,0
1693467309529,304,RDC_CreateRequest,000,OK,Thread Group 1-2,text,true,,536,619,5,5,null,0,0,0
1693467310414,365,RDC_CreateRequest,000,OK,Thread Group 1-3,text,true,,536,619,5,5,null,0,0,0
1693467310449,392,RDC_CreateRequest,000,OK,Thread Group 1-4,text,true,,536,619,5,5,null,0,0,0
1693467327863,429,RDC_CreateRequest,000,OK,Thread Group 1-5,text,true,,536,619,5,5,null,0,0,0
1693467329505,354,RDC_CreateRequest,000,OK,Thread Group 1-1,text,true,,536,619,5,5,null,0,0,0
1693467329837,367,RDC_CreateRequest,000,OK,Thread Group 1-2,text,true,,536,619,5,5,null,0,0,0
1693467330783,354,RDC_CreateRequest,000,OK,Thread Group 1-3,text,true,,536,619,5,5,null,0,0,0
1693467330849,351,RDC_CreateRequest,000,OK,Thread Group 1-4,text,true,,536,619,5,5,null,0,0,0
1693467348296,408,RDC_CreateRequest,000,OK,Thread Group 1-5,text,true,,536,619,5,5,null,0,0,0
1693467349865,397,RDC_CreateRequest,000,OK,Thread Group 1-1,text,true,,536,619,5,5,null,0,0,0
1693467350213,374,RDC_CreateRequest,000,OK,Thread Group 1-2,text,true,,536,619,5,5,null,0,0,0
1693467351143,422,RDC_CreateRequest,000,OK,Thread Group 1-3,text,true,,536,619,5,5,null,0,0,0
1693467351209,377,RDC_CreateRequest,000,OK,Thread Group 1-4,text,true,,536,619,5,5,null,0,0,0
1693467368718,411,RDC_CreateRequest,000,OK,Thread Group 1-5,text,true,,536,619,5,5,null,0,0,0
1693467370268,395,RDC_CreateRequest,000,OK,Thread Group 1-1,text,true,,536,619,5,5,null,0,0,0
1693467370600,359,RDC_CreateRequest,000,OK,Thread Group 1-2,text,true,,536,619,5,5,null,0,0,0
1693467371569,329,RDC_CreateRequest,000,OK,Thread Group 1-3,text,true,,536,619,5,5,null,0,0,0
1693467371604,423,RDC_CreateRequest,000,OK,Thread Group 1-4,text,true,,536,619,5,5,null,0,0,0
1693467389145,370,RDC_CreateRequest,000,OK,Thread Group 1-5,text,true,,536,619,5,5,null,0,0,0
1693467390671,349,RDC_CreateRequest,000,OK,Thread Group 1-1,text,true,,536,619,5,5,null,0,0,0
1693467390972,377,RDC_CreateRequest,000,OK,Thread Group 1-2,text,true,,536,619,5,5,null,0,0,0
1693467391903,374,RDC_CreateRequest,000,OK,Thread Group 1-3,text,true,,536,619,5,5,null,0,0,0
1693467392031,345,RDC_CreateRequest,000,OK,Thread Group 1-4,text,true,,536,619,5,5,null,0,0,0
1693467409524,322,RDC_CreateRequest,000,OK,Thread Group 1-5,text,true,,536,619,5,5,null,0,0,0
1693467411026,493,RDC_CreateRequest,000,OK,Thread Group 1-1,text,true,,536,619,5,5,null,0,0,0
1693467411358,521,RDC_CreateRequest,000,OK,Thread Group 1-2,text,true,,536,619,5,5,null,0,0,0
1693467412287,417,RDC_CreateRequest,000,OK,Thread Group 1-3,text,true,,536,619,5,5,null,0,0,0
1693467412381,347,RDC_CreateRequest,000,OK,Thread Group 1-4,text,true,,536,619,5,5,null,0,0,0
1693467429859,365,RDC_CreateRequest,000,OK,Thread Group 1-5,text,true,,536,619,5,5,null,0,0,0
1693467431527,383,RDC_CreateRequest,000,OK,Thread Group 1-1,text,true,,536,619,5,5,null,0,0,0
1693467431889,440,RDC_CreateRequest,000,OK,Thread Group 1-2,text,true,,536,619,5,5,null,0,0,0
1693467432709,400,RDC_CreateRequest,000,OK,Thread Group 1-3,text,true,,536,619,5,5,null,0,0,0
1693467432744,400,RDC_CreateRequest,000,OK,Thread Group 1-4,text,true,,536,619,5,5,null,0,0,0
1693467450237,393,RDC_CreateRequest,000,OK,Thread Group 1-5,text,true,,536,619,5,5,null,0,0,0
1693467451916,397,RDC_CreateRequest,000,OK,Thread Group 1-1,text,true,,536,619,5,5,null,0,0,0
1693467452342,328,RDC_CreateRequest,000,OK,Thread Group 1-2,text,true,,536,619,5,5,null,0,0,0
1693467453115,321,RDC_CreateRequest,000,OK,Thread Group 1-3,text,true,,536,619,5,5,null,0,0,0
1693467453151,375,RDC_CreateRequest,000,OK,Thread Group 1-4,text,true,,536,619,5,5,null,0,0,0
1693467470634,362,RDC_CreateRequest,000,OK,Thread Group 1-5,text,true,,536,619,5,5,null,0,0,0
1693467472322,392,RDC_CreateRequest,000,OK,Thread Group 1-1,text,true,,536,619,5,5,null,0,0,0
1693467472681,419,RDC_CreateRequest,000,OK,Thread Group 1-2,text,true,,536,619,5,5,null,0,0,0
1693467473441,415,RDC_CreateRequest,000,OK,Thread Group 1-3,text,true,,536,619,5,5,null,0,0,0
1693467473540,322,RDC_CreateRequest,000,OK,Thread Group 1-4,text,true,,536,619,5,5,null,0,0,0
1693467491009,403,RDC_CreateRequest,000,OK,Thread Group 1-5,text,true,,536,619,5,5,null,0,0,0
1693467492731,324,RDC_CreateRequest,000,OK,Thread Group 1-1,text,true,,536,619,5,5,null,0,0,0
1693467493104,369,RDC_CreateRequest,000,OK,Thread Group 1-2,text,true,,536,619,5,5,null,0,0,0
1693467493863,437,RDC_CreateRequest,000,OK,Thread Group 1-3,text,true,,536,619,5,5,null,0,0,0
1693467493867,493,RDC_CreateRequest,000,OK,Thread Group 1-4,text,true,,536,619,5,5,null,0,0,0
1693467511416,472,RDC_CreateRequest,000,OK,Thread Group 1-5,text,true,,536,619,5,5,null,0,0,0
1693467513060,435,RDC_CreateRequest,000,OK,Thread Group 1-1,text,true,,536,619,5,5,null,0,0,0
1693467513488,332,RDC_CreateRequest,000,OK,Thread Group 1-2,text,true,,536,619,5,5,null,0,0,0
1693467514315,312,RDC_CreateRequest,000,OK,Thread Group 1-3,text,true,,536,619,5,5,null,0,0,0
1693467514379,351,RDC_CreateRequest,000,OK,Thread Group 1-4,text,true,,536,619,5,5,null,0,0,0
1693467531896,358,RDC_CreateRequest,000,OK,Thread Group 1-5,text,true,,536,619,5,5,null,0,0,0
1693467533500,398,RDC_CreateRequest,000,OK,Thread Group 1-1,text,true,,536,619,5,5,null,0,0,0
1693467533831,385,RDC_CreateRequest,000,OK,Thread Group 1-2,text,true,,536,619,5,5,null,0,0,0
1693467534632,328,RDC_CreateRequest,000,OK,Thread Group 1-3,text,true,,536,619,5,5,null,0,0,0
1693467534743,379,RDC_CreateRequest,000,OK,Thread Group 1-4,text,true,,536,619,5,5,null,0,0,0
1693467552270,400,RDC_CreateRequest,000,OK,Thread Group 1-5,text,true,,536,619,5,5,null,0,0,0
1693467553903,410,RDC_CreateRequest,000,OK,Thread Group 1-1,text,true,,536,619,5,5,null,0,0,0
1693467554225,391,RDC_CreateRequest,000,OK,Thread Group 1-2,text,true,,536,619,5,5,null,0,0,0
1693467554969,391,RDC_CreateRequest,000,OK,Thread Group 1-3,text,true,,536,619,5,5,null,0,0,0
1693467555128,392,RDC_CreateRequest,000,OK,Thread Group 1-4,text,true,,536,619,5,5,null,0,0,0
1693467572676,408,RDC_CreateRequest,000,OK,Thread Group 1-5,text,true,,536,619,5,5,null,0,0,0
1693467574333,317,RDC_CreateRequest,000,OK,Thread Group 1-1,text,true,,536,619,5,5,null,0,0,0
1693467574632,371,RDC_CreateRequest,000,OK,Thread Group 1-2,text,true,,536,619,5,5,null,0,0,0
1693467575368,391,RDC_CreateRequest,000,OK,Thread Group 1-3,text,true,,536,619,5,5,null,0,0,0
1693467575527,294,RDC_CreateRequest,000,OK,Thread Group 1-4,text,true,,536,619,5,5,null,0,0,0
1693467593118,392,RDC_CreateRequest,000,OK,Thread Group 1-5,text,true,,536,619,5,5,null,0,0,0
1693467594655,406,RDC_CreateRequest,000,OK,Thread Group 1-1,text,true,,536,619,5,5,null,0,0,0
1693467595018,340,RDC_CreateRequest,000,OK,Thread Group 1-2,text,true,,536,619,5,5,null,0,0,0
1693467595765,392,RDC_CreateRequest,000,OK,Thread Group 1-3,text,true,,536,619,5,5,null,0,0,0
1693467595831,362,RDC_CreateRequest,000,OK,Thread Group 1-4,text,true,,536,619,5,5,null,0,0,0
1693467613526,378,RDC_CreateRequest,000,OK,Thread Group 1-5,text,true,,536,619,5,5,null,0,0,0
1693467615066,452,RDC_CreateRequest,000,OK,Thread Group 1-1,text,true,,536,619,5,5,null,0,0,0
1693467615367,324,RDC_CreateRequest,000,OK,Thread Group 1-2,text,true,,536,619,5,5,null,0,0,0
1693467616162,362,RDC_CreateRequest,000,OK,Thread Group 1-3,text,true,,536,619,5,5,null,0,0,0
1693467616212,327,RDC_CreateRequest,000,OK,Thread Group 1-4,text,true,,536,619,5,5,null,0,0,0
1693467633923,447,RDC_CreateRequest,000,OK,Thread Group 1-5,text,true,,536,619,5,5,null,0,0,0
1693467635529,415,RDC_CreateRequest,000,OK,Thread Group 1-1,text,true,,536,619,5,5,null,0,0,0
1693467635705,455,RDC_CreateRequest,000,OK,Thread Group 1-2,text,true,,536,619,5,5,null,0,0,0
1693467636529,339,RDC_CreateRequest,000,OK,Thread Group 1-3,text,true,,536,619,5,5,null,0,0,0
1693467636548,325,RDC_CreateRequest,000,OK,Thread Group 1-4,text,true,,536,619,5,5,null,0,0,0
1693467654382,366,RDC_CreateRequest,000,OK,Thread Group 1-5,text,true,,536,619,5,5,null,0,0,0
1693467655948,349,RDC_CreateRequest,000,OK,Thread Group 1-1,text,true,,536,619,5,5,null,0,0,0
1693467656171,308,RDC_CreateRequest,000,OK,Thread Group 1-2,text,true,,536,619,5,5,null,0,0,0
1693467656877,417,RDC_CreateRequest,000,OK,Thread Group 1-4,text,true,,536,619,5,5,null,0,0,0
1693467656873,422,RDC_CreateRequest,000,OK,Thread Group 1-3,text,true,,536,619,5,5,null,0,0,0
1693467674760,344,RDC_CreateRequest,000,OK,Thread Group 1-5,text,true,,536,619,5,5,null,0,0,0
1693467676300,360,RDC_CreateRequest,000,OK,Thread Group 1-1,text,true,,536,619,5,5,null,0,0,0
1693467676492,345,RDC_CreateRequest,000,OK,Thread Group 1-2,text,true,,536,619,5,5,null,0,0,0
1693467677298,532,RDC_CreateRequest,000,OK,Thread Group 1-3,text,true,,536,619,5,5,null,0,0,0
1693467677298,532,RDC_CreateRequest,000,OK,Thread Group 1-4,text,true,,536,619,5,5,null,0,0,0
1693467695118,463,RDC_CreateRequest,000,OK,Thread Group 1-5,text,true,,536,619,5,5,null,0,0,0
1693467696667,386,RDC_CreateRequest,000,OK,Thread Group 1-1,text,true,,536,619,5,5,null,0,0,0
1693467696842,306,RDC_CreateRequest,000,OK,Thread Group 1-2,text,true,,536,619,5,5,null,0,0,0
1693467697835,410,RDC_CreateRequest,000,OK,Thread Group 1-3,text,true,,536,619,5,5,null,0,0,0
1693467697835,416,RDC_CreateRequest,000,OK,Thread Group 1-4,text,true,,536,619,5,5,null,0,0,0
1693467715594,352,RDC_CreateRequest,000,OK,Thread Group 1-5,text,true,,536,619,5,5,null,0,0,0
1693467717059,365,RDC_CreateRequest,000,OK,Thread Group 1-1,text,true,,536,619,5,5,null,0,0,0
1693467717157,352,RDC_CreateRequest,000,OK,Thread Group 1-2,text,true,,536,619,5,5,null,0,0,0
1693467718264,546,RDC_CreateRequest,000,OK,Thread Group 1-3,text,true,,536,619,5,5,null,0,0,0
1693467718262,554,RDC_CreateRequest,000,OK,Thread Group 1-4,text,true,,536,619,5,5,null,0,0,0
1693467735957,327,RDC_CreateRequest,000,OK,Thread Group 1-5,text,true,,536,619,5,5,null,0,0,0
1693467737527,317,RDC_CreateRequest,000,OK,Thread Group 1-2,text,true,,536,619,5,5,null,0,0,0
1693467737429,439,RDC_CreateRequest,000,OK,Thread Group 1-1,text,true,,536,619,5,5,null,0,0,0
1693467738815,441,RDC_CreateRequest,000,OK,Thread Group 1-3,text,true,,536,619,5,5,null,0,0,0
1693467738835,470,RDC_CreateRequest,000,OK,Thread Group 1-4,text,true,,536,619,5,5,null,0,0,0
1693467756302,309,RDC_CreateRequest,000,OK,Thread Group 1-5,text,true,,536,619,5,5,null,0,0,0
1693467757883,465,RDC_CreateRequest,000,OK,Thread Group 1-1,text,true,,536,619,5,5,null,0,0,0
1693467757856,514,RDC_CreateRequest,000,OK,Thread Group 1-2,text,true,,536,619,5,5,null,0,0,0
1693467759266,360,RDC_CreateRequest,000,OK,Thread Group 1-3,text,true,,536,619,5,5,null,0,0,0
1693467759318,358,RDC_CreateRequest,000,OK,Thread Group 1-4,text,true,,536,619,5,5,null,0,0,0
1693467776626,359,RDC_CreateRequest,000,OK,Thread Group 1-5,text,true,,536,619,5,5,null,0,0,0
1693467778351,295,RDC_CreateRequest,000,OK,Thread Group 1-1,text,true,,536,619,5,5,null,0,0,0
1693467778375,368,RDC_CreateRequest,000,OK,Thread Group 1-2,text,true,,536,619,5,5,null,0,0,0
1693467779643,534,RDC_CreateRequest,000,OK,Thread Group 1-3,text,true,,536,619,5,5,null,0,0,0
1693467779685,497,RDC_CreateRequest,000,OK,Thread Group 1-4,text,true,,536,619,5,5,null,0,0,0
1693467796990,399,RDC_CreateRequest,000,OK,Thread Group 1-5,text,true,,536,619,5,5,null,0,0,0
1693467798659,341,RDC_CreateRequest,000,OK,Thread Group 1-1,text,true,,536,619,5,5,null,0,0,0
1693467798752,338,RDC_CreateRequest,000,OK,Thread Group 1-2,text,true,,536,619,5,5,null,0,0,0
1693467800184,342,RDC_CreateRequest,000,OK,Thread Group 1-3,text,true,,536,619,5,5,null,0,0,0
1693467800187,367,RDC_CreateRequest,000,OK,Thread Group 1-4,text,true,,536,619,5,5,null,0,0,0
1693467817395,354,RDC_CreateRequest,000,OK,Thread Group 1-5,text,true,,536,619,5,5,null,0,0,0
1693467819005,450,RDC_CreateRequest,000,OK,Thread Group 1-1,text,true,,536,619,5,5,null,0,0,0
1693467819102,415,RDC_CreateRequest,000,OK,Thread Group 1-2,text,true,,536,619,5,5,null,0,0,0
1693467820532,402,RDC_CreateRequest,000,OK,Thread Group 1-3,text,true,,536,619,5,5,null,0,0,0
1693467820566,369,RDC_CreateRequest,000,OK,Thread Group 1-4,text,true,,536,619,5,5,null,0,0,0
1693467837766,517,RDC_CreateRequest,000,OK,Thread Group 1-5,text,true,,536,619,5,5,null,0,0,0
1693467839460,374,RDC_CreateRequest,000,OK,Thread Group 1-1,text,true,,536,619,5,5,null,0,0,0
1693467839528,342,RDC_CreateRequest,000,OK,Thread Group 1-2,text,true,,536,619,5,5,null,0,0,0
1693467840952,464,RDC_CreateRequest,000,OK,Thread Group 1-4,text,true,,536,619,5,5,null,0,0,0
1693467840952,671,RDC_CreateRequest,000,OK,Thread Group 1-3,text,true,,536,619,5,5,null,0,0,0
1693467858291,370,RDC_CreateRequest,000,OK,Thread Group 1-5,text,true,,536,619,5,5,null,0,0,0
1693467859855,357,RDC_CreateRequest,000,OK,Thread Group 1-1,text,true,,536,619,5,5,null,0,0,0
1693467859885,421,RDC_CreateRequest,000,OK,Thread Group 1-2,text,true,,536,619,5,5,null,0,0,0
1693467861435,346,RDC_CreateRequest,000,OK,Thread Group 1-4,text,true,,536,619,5,5,null,0,0,0
1693467861638,351,RDC_CreateRequest,000,OK,Thread Group 1-3,text,true,,536,619,5,5,null,0,0,0
1693467878664,325,RDC_CreateRequest,000,OK,Thread Group 1-5,text,true,,536,619,5,5,null,0,0,0
1693467880216,386,RDC_CreateRequest,000,OK,Thread Group 1-1,text,true,,536,619,5,5,null,0,0,0
1693467880313,389,RDC_CreateRequest,000,OK,Thread Group 1-2,text,true,,536,619,5,5,null,0,0,0
1693467881785,501,RDC_CreateRequest,000,OK,Thread Group 1-4,text,true,,536,619,5,5,null,0,0,0
1693467881992,368,RDC_CreateRequest,000,OK,Thread Group 1-3,text,true,,536,619,5,5,null,0,0,0
1693467899000,1863,RDC_CreateRequest,000,OK,Thread Group 1-5,text,true,,536,619,5,5,null,0,0,0
1693467900611,482,RDC_CreateRequest,000,OK,Thread Group 1-1,text,true,,536,619,5,5,null,0,0,0
1693467900720,472,RDC_CreateRequest,000,OK,Thread Group 1-2,text,true,,536,619,5,5,null,0,0,0
1693467902289,452,RDC_CreateRequest,000,OK,Thread Group 1-4,text,true,,536,619,5,5,null,0,0,0
1693467902371,481,RDC_CreateRequest,000,OK,Thread Group 1-3,text,true,,536,619,5,5,null,0,0,0
1693467920880,407,RDC_CreateRequest,000,OK,Thread Group 1-5,text,true,,536,619,5,5,null,0,0,0
1693467921099,425,RDC_CreateRequest,000,OK,Thread Group 1-1,text,true,,536,619,5,5,null,0,0,0
1693467921197,429,RDC_CreateRequest,000,OK,Thread Group 1-2,text,true,,536,619,5,5,null,0,0,0
1693467922744,346,RDC_CreateRequest,000,OK,Thread Group 1-4,text,true,,536,619,5,5,null,0,0,0
1693467922857,377,RDC_CreateRequest,000,OK,Thread Group 1-3,text,true,,536,619,5,5,null,0,0,0
1693467941303,498,RDC_CreateRequest,000,OK,Thread Group 1-5,text,true,,536,619,5,5,null,0,0,0
1693467941538,395,RDC_CreateRequest,000,OK,Thread Group 1-1,text,true,,536,619,5,5,null,0,0,0
1693467941631,353,RDC_CreateRequest,000,OK,Thread Group 1-2,text,true,,536,619,5,5,null,0,0,0
1693467943096,446,RDC_CreateRequest,000,OK,Thread Group 1-4,text,true,,536,619,5,5,null,0,0,0
1693467943240,381,RDC_CreateRequest,000,OK,Thread Group 1-3,text,true,,536,619,5,5,null,0,0,0
1693467961809,648,RDC_CreateRequest,000,OK,Thread Group 1-5,text,true,,536,619,5,5,null,0,0,0
1693467961949,532,RDC_CreateRequest,000,OK,Thread Group 1-1,text,true,,536,619,5,5,null,0,0,0
1693467961996,649,RDC_CreateRequest,000,OK,Thread Group 1-2,text,true,,536,619,5,5,null,0,0,0
1693467963547,449,RDC_CreateRequest,000,OK,Thread Group 1-4,text,true,,536,619,5,5,null,0,0,0
1693467963629,476,RDC_CreateRequest,000,OK,Thread Group 1-3,text,true,,536,619,5,5,null,0,0,0
1693467982496,1499,RDC_CreateRequest,000,OK,Thread Group 1-1,text,true,,536,619,5,5,null,0,0,0
1693467982464,1617,RDC_CreateRequest,000,OK,Thread Group 1-5,text,true,,536,619,5,5,null,0,0,0
1693467982648,1519,RDC_CreateRequest,000,OK,Thread Group 1-2,text,true,,536,619,5,5,null,0,0,0
1693467984000,343,RDC_CreateRequest,000,OK,Thread Group 1-4,text,true,,536,619,5,5,null,0,0,0
1693467984109,390,RDC_CreateRequest,000,OK,Thread Group 1-3,text,true,,536,619,5,5,null,0,0,0
1693468004013,455,RDC_CreateRequest,000,OK,Thread Group 1-1,text,true,,536,619,5,5,null,0,0,0
1693468004091,475,RDC_CreateRequest,000,OK,Thread Group 1-5,text,true,,536,619,5,5,null,0,0,0
1693468004171,497,RDC_CreateRequest,000,OK,Thread Group 1-2,text,true,,536,619,5,5,null,0,0,0
1693468004347,370,RDC_CreateRequest,000,OK,Thread Group 1-4,text,true,,536,619,5,5,null,0,0,0
1693468004503,340,RDC_CreateRequest,000,OK,Thread Group 1-3,text,true,,536,619,5,5,null,0,0,0
1693468024480,406,RDC_CreateRequest,000,OK,Thread Group 1-1,text,true,,536,619,5,5,null,0,0,0
1693468024574,538,RDC_CreateRequest,000,OK,Thread Group 1-5,text,true,,536,619,5,5,null,0,0,0
1693468024671,471,RDC_CreateRequest,000,OK,Thread Group 1-2,text,true,,536,619,5,5,null,0,0,0
1693468024720,458,RDC_CreateRequest,000,OK,Thread Group 1-4,text,true,,536,619,5,5,null,0,0,0
1693468024846,459,RDC_CreateRequest,000,OK,Thread Group 1-3,text,true,,536,619,5,5,null,0,0,0
1693468044901,400,RDC_CreateRequest,000,OK,Thread Group 1-1,text,true,,536,619,5,5,null,0,0,0
1693468045119,365,RDC_CreateRequest,000,OK,Thread Group 1-5,text,true,,536,619,5,5,null,0,0,0
1693468045184,380,RDC_CreateRequest,000,OK,Thread Group 1-4,text,true,,536,619,5,5,null,0,0,0
1693468045147,455,RDC_CreateRequest,000,OK,Thread Group 1-2,text,true,,536,619,5,5,null,0,0,0
1693468045310,551,RDC_CreateRequest,000,OK,Thread Group 1-3,text,true,,536,619,5,5,null,0,0,0
1693468065305,376,RDC_CreateRequest,000,OK,Thread Group 1-1,text,true,,536,619,5,5,null,0,0,0
1693468065492,371,RDC_CreateRequest,000,OK,Thread Group 1-5,text,true,,536,619,5,5,null,0,0,0
1693468065568,344,RDC_CreateRequest,000,OK,Thread Group 1-4,text,true,,536,619,5,5,null,0,0,0
1693468065605,349,RDC_CreateRequest,000,OK,Thread Group 1-2,text,true,,536,619,5,5,null,0,0,0
1693468065866,1843,RDC_CreateRequest,000,OK,Thread Group 1-3,text,true,,536,619,5,5,null,0,0,0
1693468085686,413,RDC_CreateRequest,000,OK,Thread Group 1-1,text,true,,536,619,5,5,null,0,0,0
1693468085873,432,RDC_CreateRequest,000,OK,Thread Group 1-5,text,true,,536,619,5,5,null,0,0,0
1693468085917,416,RDC_CreateRequest,000,OK,Thread Group 1-4,text,true,,536,619,5,5,null,0,0,0
1693468085959,419,RDC_CreateRequest,000,OK,Thread Group 1-2,text,true,,536,619,5,5,null,0,0,0
1693468087713,641,RDC_CreateRequest,000,OK,Thread Group 1-3,text,true,,536,619,5,5,null,0,0,0
1693468106113,363,RDC_CreateRequest,000,OK,Thread Group 1-1,text,true,,536,619,5,5,null,0,0,0
1693468106316,342,RDC_CreateRequest,000,OK,Thread Group 1-5,text,true,,536,619,5,5,null,0,0,0
1693468106339,460,RDC_CreateRequest,000,OK,Thread Group 1-4,text,true,,536,619,5,5,null,0,0,0
1693468106382,462,RDC_CreateRequest,000,OK,Thread Group 1-2,text,true,,536,619,5,5,null,0,0,0
1693468108358,333,RDC_CreateRequest,000,OK,Thread Group 1-3,text,true,,536,619,5,5,null,0,0,0
1693468126483,375,RDC_CreateRequest,000,OK,Thread Group 1-1,text,true,,536,619,5,5,null,0,0,0
1693468126669,329,RDC_CreateRequest,000,OK,Thread Group 1-5,text,true,,536,619,5,5,null,0,0,0
1693468126851,374,RDC_CreateRequest,000,OK,Thread Group 1-2,text,true,,536,619,5,5,null,0,0,0
1693468126805,890,RDC_CreateRequest,000,OK,Thread Group 1-4,text,true,,536,619,5,5,null,0,0,0
1693468128695,341,RDC_CreateRequest,000,OK,Thread Group 1-3,text,true,,536,619,5,5,null,0,0,0
1693468146862,392,RDC_CreateRequest,000,OK,Thread Group 1-1,text,true,,536,619,5,5,null,0,0,0
1693468147003,355,RDC_CreateRequest,000,OK,Thread Group 1-5,text,true,,536,619,5,5,null,0,0,0
1693468147237,438,RDC_CreateRequest,000,OK,Thread Group 1-2,text,true,,536,619,5,5,null,0,0,0
1693468147698,336,RDC_CreateRequest,000,OK,Thread Group 1-4,text,true,,536,619,5,5,null,0,0,0
1693468149042,335,RDC_CreateRequest,000,OK,Thread Group 1-3,text,true,,536,619,5,5,null,0,0,0
1693468167260,327,RDC_CreateRequest,000,OK,Thread Group 1-1,text,true,,536,619,5,5,null,0,0,0
1693468167369,380,RDC_CreateRequest,000,OK,Thread Group 1-5,text,true,,536,619,5,5,null,0,0,0
1693468167679,347,RDC_CreateRequest,000,OK,Thread Group 1-2,text,true,,536,619,5,5,null,0,0,0
1693468168038,319,RDC_CreateRequest,000,OK,Thread Group 1-4,text,true,,536,619,5,5,null,0,0,0
1693468169381,347,RDC_CreateRequest,000,OK,Thread Group 1-3,text,true,,536,619,5,5,null,0,0,0
1693468187597,431,RDC_CreateRequest,000,OK,Thread Group 1-1,text,true,,536,619,5,5,null,0,0,0
1693468187768,398,RDC_CreateRequest,000,OK,Thread Group 1-5,text,true,,536,619,5,5,null,0,0,0
1693468188031,391,RDC_CreateRequest,000,OK,Thread Group 1-2,text,true,,536,619,5,5,null,0,0,0
1693468188362,319,RDC_CreateRequest,000,OK,Thread Group 1-4,text,true,,536,619,5,5,null,0,0,0
1693468189732,322,RDC_CreateRequest,000,OK,Thread Group 1-3,text,true,,536,619,5,5,null,0,0,0
1693468208047,408,RDC_CreateRequest,000,OK,Thread Group 1-1,text,true,,536,619,5,5,null,0,0,0
1693468208171,420,RDC_CreateRequest,000,OK,Thread Group 1-5,text,true,,536,619,5,5,null,0,0,0
1693468208426,551,RDC_CreateRequest,000,OK,Thread Group 1-2,text,true,,536,619,5,5,null,0,0,0
1693468208685,412,RDC_CreateRequest,000,OK,Thread Group 1-4,text,true,,536,619,5,5,null,0,0,0
1693468210060,385,RDC_CreateRequest,000,OK,Thread Group 1-3,text,true,,536,619,5,5,null,0,0,0
1693468228470,439,RDC_CreateRequest,000,OK,Thread Group 1-1,text,true,,536,619,5,5,null,0,0,0
1693468228595,317,RDC_CreateRequest,000,OK,Thread Group 1-5,text,true,,536,619,5,5,null,0,0,0
1693468228981,440,RDC_CreateRequest,000,OK,Thread Group 1-2,text,true,,536,619,5,5,null,0,0,0
1693468229110,376,RDC_CreateRequest,000,OK,Thread Group 1-4,text,true,,536,619,5,5,null,0,0,0
1693468230450,369,RDC_CreateRequest,000,OK,Thread Group 1-3,text,true,,536,619,5,5,null,0,0,0
1693468248925,331,RDC_CreateRequest,000,OK,Thread Group 1-1,text,true,,536,619,5,5,null,0,0,0
1693468248925,355,RDC_CreateRequest,000,OK,Thread Group 1-5,text,true,,536,619,5,5,null,0,0,0
1693468249493,341,RDC_CreateRequest,000,OK,Thread Group 1-4,text,true,,536,619,5,5,null,0,0,0
1693468249427,425,RDC_CreateRequest,000,OK,Thread Group 1-2,text,true,,536,619,5,5,null,0,0,0
1693468250826,385,RDC_CreateRequest,000,OK,Thread Group 1-3,text,true,,536,619,5,5,null,0,0,0
1693468269265,389,RDC_CreateRequest,000,OK,Thread Group 1-1,text,true,,536,619,5,5,null,0,0,0
1693468269297,407,RDC_CreateRequest,000,OK,Thread Group 1-5,text,true,,536,619,5,5,null,0,0,0
1693468269861,416,RDC_CreateRequest,000,OK,Thread Group 1-2,text,true,,536,619,5,5,null,0,0,0
1693468269841,459,RDC_CreateRequest,000,OK,Thread Group 1-4,text,true,,536,619,5,5,null,0,0,0
1693468271216,383,RDC_CreateRequest,000,OK,Thread Group 1-3,text,true,,536,619,5,5,null,0,0,0
1693468289670,368,RDC_CreateRequest,000,OK,Thread Group 1-1,text,true,,536,619,5,5,null,0,0,0
1693468289717,387,RDC_CreateRequest,000,OK,Thread Group 1-5,text,true,,536,619,5,5,null,0,0,0
1693468290281,418,RDC_CreateRequest,000,OK,Thread Group 1-2,text,true,,536,619,5,5,null,0,0,0
1693468290316,399,RDC_CreateRequest,000,OK,Thread Group 1-4,text,true,,536,619,5,5,null,0,0,0
1693468291603,330,RDC_CreateRequest,000,OK,Thread Group 1-3,text,true,,536,619,5,5,null,0,0,0
1693468310053,433,RDC_CreateRequest,000,OK,Thread Group 1-1,text,true,,536,619,5,5,null,0,0,0
1693468310114,413,RDC_CreateRequest,000,OK,Thread Group 1-5,text,true,,536,619,5,5,null,0,0,0
1693468310703,447,RDC_CreateRequest,000,OK,Thread Group 1-2,text,true,,536,619,5,5,null,0,0,0
1693468310722,430,RDC_CreateRequest,000,OK,Thread Group 1-4,text,true,,536,619,5,5,null,0,0,0
1693468311937,320,RDC_CreateRequest,000,OK,Thread Group 1-3,text,true,,536,619,5,5,null,0,0,0
1693468330500,638,RDC_CreateRequest,000,OK,Thread Group 1-1,text,true,,536,619,5,5,null,0,0,0
1693468330547,596,RDC_CreateRequest,000,OK,Thread Group 1-5,text,true,,536,619,5,5,null,0,0,0
1693468331159,335,RDC_CreateRequest,000,OK,Thread Group 1-4,text,true,,536,619,5,5,null,0,0,0
1693468331156,479,RDC_CreateRequest,000,OK,Thread Group 1-2,text,true,,536,619,5,5,null,0,0,0
1693468332264,368,RDC_CreateRequest,000,OK,Thread Group 1-3,text,true,,536,619,5,5,null,0,0,0
1693468351157,417,RDC_CreateRequest,000,OK,Thread Group 1-1,text,true,,536,619,5,5,null,0,0,0
1693468351158,432,RDC_CreateRequest,000,OK,Thread Group 1-5,text,true,,536,619,5,5,null,0,0,0
1693468351641,310,RDC_CreateRequest,000,OK,Thread Group 1-2,text,true,,536,619,5,5,null,0,0,0
1693468351501,481,RDC_CreateRequest,000,OK,Thread Group 1-4,text,true,,536,619,5,5,null,0,0,0
1693468352641,332,RDC_CreateRequest,000,OK,Thread Group 1-3,text,true,,536,619,5,5,null,0,0,0
1693468371580,489,RDC_CreateRequest,000,OK,Thread Group 1-1,text,true,,536,619,5,5,null,0,0,0
1693468371610,488,RDC_CreateRequest,000,OK,Thread Group 1-5,text,true,,536,619,5,5,null,0,0,0
1693468371986,443,RDC_CreateRequest,000,OK,Thread Group 1-4,text,true,,536,619,5,5,null,0,0,0
1693468371956,547,RDC_CreateRequest,000,OK,Thread Group 1-2,text,true,,536,619,5,5,null,0,0,0
1693468372976,400,RDC_CreateRequest,000,OK,Thread Group 1-3,text,true,,536,619,5,5,null,0,0,0
1693468392114,419,RDC_CreateRequest,000,OK,Thread Group 1-5,text,true,,536,619,5,5,null,0,0,0
1693468392083,476,RDC_CreateRequest,000,OK,Thread Group 1-1,text,true,,536,619,5,5,null,0,0,0
1693468392432,371,RDC_CreateRequest,000,OK,Thread Group 1-4,text,true,,536,619,5,5,null,0,0,0
1693468392506,414,RDC_CreateRequest,000,OK,Thread Group 1-2,text,true,,536,619,5,5,null,0,0,0
1693468393380,373,RDC_CreateRequest,000,OK,Thread Group 1-3,text,true,,536,619,5,5,null,0,0,0
1693468412543,311,RDC_CreateRequest,000,OK,Thread Group 1-5,text,true,,536,619,5,5,null,0,0,0
1693468412575,370,RDC_CreateRequest,000,OK,Thread Group 1-1,text,true,,536,619,5,5,null,0,0,0
1693468412807,391,RDC_CreateRequest,000,OK,Thread Group 1-4,text,true,,536,619,5,5,null,0,0,0
1693468412923,2048,RDC_CreateRequest,000,OK,Thread Group 1-2,text,true,,536,619,5,5,null,0,0,0
1693468413757,1738,RDC_CreateRequest,000,OK,Thread Group 1-3,text,true,,536,619,5,5,null,0,0,0
1693468432862,382,RDC_CreateRequest,000,OK,Thread Group 1-5,text,true,,536,619,5,5,null,0,0,0
1693468432954,375,RDC_CreateRequest,000,OK,Thread Group 1-1,text,true,,536,619,5,5,null,0,0,0
1693468433201,445,RDC_CreateRequest,000,OK,Thread Group 1-4,text,true,,536,619,5,5,null,0,0,0
1693468434976,356,RDC_CreateRequest,000,OK,Thread Group 1-2,text,true,,536,619,5,5,null,0,0,0
1693468435499,336,RDC_CreateRequest,000,OK,Thread Group 1-3,text,true,,536,619,5,5,null,0,0,0
1693468453251,352,RDC_CreateRequest,000,OK,Thread Group 1-5,text,true,,536,619,5,5,null,0,0,0
1693468453344,308,RDC_CreateRequest,000,OK,Thread Group 1-1,text,true,,536,619,5,5,null,0,0,0
1693468453652,318,RDC_CreateRequest,000,OK,Thread Group 1-4,text,true,,536,619,5,5,null,0,0,0
1693468455337,350,RDC_CreateRequest,000,OK,Thread Group 1-2,text,true,,536,619,5,5,null,0,0,0
1693468455840,377,RDC_CreateRequest,000,OK,Thread Group 1-3,text,true,,536,619,5,5,null,0,0,0
1693468473614,359,RDC_CreateRequest,000,OK,Thread Group 1-5,text,true,,536,619,5,5,null,0,0,0
1693468473660,326,RDC_CreateRequest,000,OK,Thread Group 1-1,text,true,,536,619,5,5,null,0,0,0
1693468473973,339,RDC_CreateRequest,000,OK,Thread Group 1-4,text,true,,536,619,5,5,null,0,0,0
1693468475690,349,RDC_CreateRequest,000,OK,Thread Group 1-2,text,true,,536,619,5,5,null,0,0,0
1693468476220,342,RDC_CreateRequest,000,OK,Thread Group 1-3,text,true,,536,619,5,5,null,0,0,0
1693468493981,396,RDC_CreateRequest,000,OK,Thread Group 1-5,text,true,,536,619,5,5,null,0,0,0
1693468493993,423,RDC_CreateRequest,000,OK,Thread Group 1-1,text,true,,536,619,5,5,null,0,0,0
1693468494316,350,RDC_CreateRequest,000,OK,Thread Group 1-4,text,true,,536,619,5,5,null,0,0,0
1693468496043,324,RDC_CreateRequest,000,OK,Thread Group 1-2,text,true,,536,619,5,5,null,0,0,0
1693468496567,374,RDC_CreateRequest,000,OK,Thread Group 1-3,text,true,,536,619,5,5,null,0,0,0
1693468514385,482,RDC_CreateRequest,000,OK,Thread Group 1-5,text,true,,536,619,5,5,null,0,0,0
1693468514436,431,RDC_CreateRequest,000,OK,Thread Group 1-1,text,true,,536,619,5,5,null,0,0,0
1693468514671,438,RDC_CreateRequest,000,OK,Thread Group 1-4,text,true,,536,619,5,5,null,0,0,0
1693468516370,386,RDC_CreateRequest,000,OK,Thread Group 1-2,text,true,,536,619,5,5,null,0,0,0
1693468516945,373,RDC_CreateRequest,000,OK,Thread Group 1-3,text,true,,536,619,5,5,null,0,0,0
1693468534873,375,RDC_CreateRequest,000,OK,Thread Group 1-1,text,true,,536,619,5,5,null,0,0,0
1693468534873,386,RDC_CreateRequest,000,OK,Thread Group 1-5,text,true,,536,619,5,5,null,0,0,0
1693468535123,358,RDC_CreateRequest,000,OK,Thread Group 1-4,text,true,,536,619,5,5,null,0,0,0
1693468536760,387,RDC_CreateRequest,000,OK,Thread Group 1-2,text,true,,536,619,5,5,null,0,0,0
1693468537322,340,RDC_CreateRequest,000,OK,Thread Group 1-3,text,true,,536,619,5,5,null,0,0,0
1693468555267,313,RDC_CreateRequest,000,OK,Thread Group 1-5,text,true,,536,619,5,5,null,0,0,0
1693468555269,367,RDC_CreateRequest,000,OK,Thread Group 1-1,text,true,,536,619,5,5,null,0,0,0
1693468555485,342,RDC_CreateRequest,000,OK,Thread Group 1-4,text,true,,536,619,5,5,null,0,0,0
1693468557152,343,RDC_CreateRequest,000,OK,Thread Group 1-2,text,true,,536,619,5,5,null,0,0,0
1693468557666,357,RDC_CreateRequest,000,OK,Thread Group 1-3,text,true,,536,619,5,5,null,0,0,0
1693468575641,435,RDC_CreateRequest,000,OK,Thread Group 1-1,text,true,,536,619,5,5,null,0,0,0
1693468575594,503,RDC_CreateRequest,000,OK,Thread Group 1-5,text,true,,536,619,5,5,null,0,0,0
1693468575832,456,RDC_CreateRequest,000,OK,Thread Group 1-4,text,true,,536,619,5,5,null,0,0,0
1693468577499,332,RDC_CreateRequest,000,OK,Thread Group 1-2,text,true,,536,619,5,5,null,0,0,0
1693468578026,415,RDC_CreateRequest,000,OK,Thread Group 1-3,text,true,,536,619,5,5,null,0,0,0
1693468596089,346,RDC_CreateRequest,000,OK,Thread Group 1-1,text,true,,536,619,5,5,null,0,0,0
1693468596104,403,RDC_CreateRequest,000,OK,Thread Group 1-5,text,true,,536,619,5,5,null,0,0,0
1693468596292,442,RDC_CreateRequest,000,OK,Thread Group 1-4,text,true,,536,619,5,5,null,0,0,0
1693468597835,345,RDC_CreateRequest,000,OK,Thread Group 1-2,text,true,,536,619,5,5,null,0,0,0
1693468598445,350,RDC_CreateRequest,000,OK,Thread Group 1-3,text,true,,536,619,5,5,null,0,0,0
1693468616444,467,RDC_CreateRequest,000,OK,Thread Group 1-1,text,true,,536,619,5,5,null,0,0,0
1693468616521,485,RDC_CreateRequest,000,OK,Thread Group 1-5,text,true,,536,619,5,5,null,0,0,0
1693468616738,546,RDC_CreateRequest,000,OK,Thread Group 1-4,text,true,,536,619,5,5,null,0,0,0
1693468618183,346,RDC_CreateRequest,000,OK,Thread Group 1-2,text,true,,536,619,5,5,null,0,0,0
1693468618798,410,RDC_CreateRequest,000,OK,Thread Group 1-3,text,true,,536,619,5,5,null,0,0,0
1693468636920,400,RDC_CreateRequest,000,OK,Thread Group 1-1,text,true,,536,619,5,5,null,0,0,0
1693468637014,332,RDC_CreateRequest,000,OK,Thread Group 1-5,text,true,,536,619,5,5,null,0,0,0
1693468637289,321,RDC_CreateRequest,000,OK,Thread Group 1-4,text,true,,536,619,5,5,null,0,0,0
1693468638533,349,RDC_CreateRequest,000,OK,Thread Group 1-2,text,true,,536,619,5,5,null,0,0,0
1693468639212,307,RDC_CreateRequest,000,OK,Thread Group 1-3,text,true,,536,619,5,5,null,0,0,0
1693468657323,513,RDC_CreateRequest,000,OK,Thread Group 1-1,text,true,,536,619,5,5,null,0,0,0
1693468657355,488,RDC_CreateRequest,000,OK,Thread Group 1-5,text,true,,536,619,5,5,null,0,0,0
1693468657614,1959,RDC_CreateRequest,000,OK,Thread Group 1-4,text,true,,536,619,5,5,null,0,0,0
1693468658888,1185,RDC_CreateRequest,000,OK,Thread Group 1-2,text,true,,536,619,5,5,null,0,0,0
1693468659524,659,RDC_CreateRequest,000,OK,Thread Group 1-3,text,true,,536,619,5,5,null,0,0,0
1693468677847,370,RDC_CreateRequest,000,OK,Thread Group 1-1,text,true,,536,619,5,5,null,0,0,0
1693468677861,401,RDC_CreateRequest,000,OK,Thread Group 1-5,text,true,,536,619,5,5,null,0,0,0
1693468680094,2170,RDC_CreateRequest,000,OK,Thread Group 1-2,text,true,,536,619,5,5,null,0,0,0
1693468680186,2115,RDC_CreateRequest,000,OK,Thread Group 1-3,text,true,,536,619,5,5,null,0,0,0
1693468679578,2756,RDC_CreateRequest,000,OK,Thread Group 1-4,text,true,,536,619,5,5,null,0,0,0
1693468698274,329,RDC_CreateRequest,000,OK,Thread Group 1-5,text,true,,536,619,5,5,null,0,0,0
1693468698227,401,RDC_CreateRequest,000,OK,Thread Group 1-1,text,true,,536,619,5,5,null,0,0,0
1693468702268,340,RDC_CreateRequest,000,OK,Thread Group 1-2,text,true,,536,619,5,5,null,0,0,0
1693468702319,365,RDC_CreateRequest,000,OK,Thread Group 1-3,text,true,,536,619,5,5,null,0,0,0
1693468702338,464,RDC_CreateRequest,000,OK,Thread Group 1-4,text,true,,536,619,5,5,null,0,0,0
1693468718610,333,RDC_CreateRequest,000,OK,Thread Group 1-5,text,true,,536,619,5,5,null,0,0,0
1693468718642,391,RDC_CreateRequest,000,OK,Thread Group 1-1,text,true,,536,619,5,5,null,0,0,0
1693468722617,432,RDC_CreateRequest,000,OK,Thread Group 1-2,text,true,,536,619,5,5,null,0,0,0
1693468722694,394,RDC_CreateRequest,000,OK,Thread Group 1-3,text,true,,536,619,5,5,null,0,0,0
1693468722805,406,RDC_CreateRequest,000,OK,Thread Group 1-4,text,true,,536,619,5,5,null,0,0,0
1693468738962,318,RDC_CreateRequest,000,OK,Thread Group 1-5,text,true,,536,619,5,5,null,0,0,0
1693468739039,446,RDC_CreateRequest,000,OK,Thread Group 1-1,text,true,,536,619,5,5,null,0,0,0
1693468743053,457,RDC_CreateRequest,000,OK,Thread Group 1-2,text,true,,536,619,5,5,null,0,0,0
1693468743103,417,RDC_CreateRequest,000,OK,Thread Group 1-3,text,true,,536,619,5,5,null,0,0,0
1693468743216,359,RDC_CreateRequest,000,OK,Thread Group 1-4,text,true,,536,619,5,5,null,0,0,0
1693468759286,380,RDC_CreateRequest,000,OK,Thread Group 1-5,text,true,,536,619,5,5,null,0,0,0
1693468759504,371,RDC_CreateRequest,000,OK,Thread Group 1-1,text,true,,536,619,5,5,null,0,0,0
1693468763537,526,RDC_CreateRequest,000,OK,Thread Group 1-3,text,true,,536,619,5,5,null,0,0,0
1693468763579,521,RDC_CreateRequest,000,OK,Thread Group 1-4,text,true,,536,619,5,5,null,0,0,0
1693468763521,579,RDC_CreateRequest,000,OK,Thread Group 1-2,text,true,,536,619,5,5,null,0,0,0
1693468779673,405,RDC_CreateRequest,000,OK,Thread Group 1-5,text,true,,536,619,5,5,null,0,0,0
1693468779892,383,RDC_CreateRequest,000,OK,Thread Group 1-1,text,true,,536,619,5,5,null,0,0,0
1693468784067,335,RDC_CreateRequest,000,OK,Thread Group 1-3,text,true,,536,619,5,5,null,0,0,0
1693468784117,395,RDC_CreateRequest,000,OK,Thread Group 1-2,text,true,,536,619,5,5,null,0,0,0
1693468784117,406,RDC_CreateRequest,000,OK,Thread Group 1-4,text,true,,536,619,5,5,null,0,0,0
1693468800095,1144,RDC_CreateRequest,000,OK,Thread Group 1-5,text,true,,536,619,5,5,null,0,0,0
1693468800281,971,RDC_CreateRequest,000,OK,Thread Group 1-1,text,true,,536,619,5,5,null,0,0,0
1693468804526,728,RDC_CreateRequest,000,OK,Thread Group 1-4,text,true,,536,619,5,5,null,0,0,0
1693468804405,937,RDC_CreateRequest,000,OK,Thread Group 1-3,text,true,,536,619,5,5,null,0,0,0
1693468804518,1180,RDC_CreateRequest,000,OK,Thread Group 1-2,text,true,,536,619,5,5,null,0,0,0
1693468821251,335,RDC_CreateRequest,000,OK,Thread Group 1-5,text,true,,536,619,5,5,null,0,0,0
1693468821266,334,RDC_CreateRequest,000,OK,Thread Group 1-1,text,true,,536,619,5,5,null,0,0,0
1693468825259,370,RDC_CreateRequest,000,OK,Thread Group 1-4,text,true,,536,619,5,5,null,0,0,0
1693468825357,385,RDC_CreateRequest,000,OK,Thread Group 1-3,text,true,,536,619,5,5,null,0,0,0
1693468825703,347,RDC_CreateRequest,000,OK,Thread Group 1-2,text,true,,536,619,5,5,null,0,0,0
1693468841601,2273,RDC_CreateRequest,000,OK,Thread Group 1-5,text,true,,536,619,5,5,null,0,0,0
1693468841616,2349,RDC_CreateRequest,000,OK,Thread Group 1-1,text,true,,536,619,5,5,null,0,0,0
1693468845633,360,RDC_CreateRequest,000,OK,Thread Group 1-4,text,true,,536,619,5,5,null,0,0,0
1693468845747,343,RDC_CreateRequest,000,OK,Thread Group 1-3,text,true,,536,619,5,5,null,0,0,0
1693468846055,365,RDC_CreateRequest,000,OK,Thread Group 1-2,text,true,,536,619,5,5,null,0,0,0
1693468863892,393,RDC_CreateRequest,000,OK,Thread Group 1-5,text,true,,536,619,5,5,null,0,0,0
1693468863969,418,RDC_CreateRequest,000,OK,Thread Group 1-1,text,true,,536,619,5,5,null,0,0,0
1693468865998,363,RDC_CreateRequest,000,OK,Thread Group 1-4,text,true,,536,619,5,5,null,0,0,0
1693468866095,386,RDC_CreateRequest,000,OK,Thread Group 1-3,text,true,,536,619,5,5,null,0,0,0
1693468866426,351,RDC_CreateRequest,000,OK,Thread Group 1-2,text,true,,536,619,5,5,null,0,0,0
1693468884298,351,RDC_CreateRequest,000,OK,Thread Group 1-5,text,true,,536,619,5,5,null,0,0,0
1693468884392,342,RDC_CreateRequest,000,OK,Thread Group 1-1,text,true,,536,619,5,5,null,0,0,0
1693468886366,399,RDC_CreateRequest,000,OK,Thread Group 1-4,text,true,,536,619,5,5,null,0,0,0
1693468886494,392,RDC_CreateRequest,000,OK,Thread Group 1-3,text,true,,536,619,5,5,null,0,0,0
1693468886782,301,RDC_CreateRequest,000,OK,Thread Group 1-2,text,true,,536,619,5,5,null,0,0,0
1693468904656,358,RDC_CreateRequest,000,OK,Thread Group 1-5,text,true,,536,619,5,5,null,0,0,0
1693468904750,441,RDC_CreateRequest,000,OK,Thread Group 1-1,text,true,,536,619,5,5,null,0,0,0
1693468906768,364,RDC_CreateRequest,000,OK,Thread Group 1-4,text,true,,536,619,5,5,null,0,0,0
1693468906890,356,RDC_CreateRequest,000,OK,Thread Group 1-3,text,true,,536,619,5,5,null,0,0,0
1693468907087,440,RDC_CreateRequest,000,OK,Thread Group 1-2,text,true,,536,619,5,5,null,0,0,0
1693468925019,428,RDC_CreateRequest,000,OK,Thread Group 1-5,text,true,,536,619,5,5,null,0,0,0
1693468925205,487,RDC_CreateRequest,000,OK,Thread Group 1-1,text,true,,536,619,5,5,null,0,0,0
1693468927136,383,RDC_CreateRequest,000,OK,Thread Group 1-4,text,true,,536,619,5,5,null,0,0,0
1693468927265,351,RDC_CreateRequest,000,OK,Thread Group 1-3,text,true,,536,619,5,5,null,0,0,0
1693468927531,2381,RDC_CreateRequest,000,OK,Thread Group 1-2,text,true,,536,619,5,5,null,0,0,0
1693468945454,407,RDC_CreateRequest,000,OK,Thread Group 1-5,text,true,,536,619,5,5,null,0,0,0
1693468945704,347,RDC_CreateRequest,000,OK,Thread Group 1-1,text,true,,536,619,5,5,null,0,0,0
1693468947524,319,RDC_CreateRequest,000,OK,Thread Group 1-4,text,true,,536,619,5,5,null,0,0,0
1693468947633,422,RDC_CreateRequest,000,OK,Thread Group 1-3,text,true,,536,619,5,5,null,0,0,0
1693468949916,456,RDC_CreateRequest,000,OK,Thread Group 1-2,text,true,,536,619,5,5,null,0,0,0
1693468965879,380,RDC_CreateRequest,000,OK,Thread Group 1-5,text,true,,536,619,5,5,null,0,0,0
1693468966067,356,RDC_CreateRequest,000,OK,Thread Group 1-1,text,true,,536,619,5,5,null,0,0,0
1693468967847,439,RDC_CreateRequest,000,OK,Thread Group 1-4,text,true,,536,619,5,5,null,0,0,0
1693468968069,383,RDC_CreateRequest,000,OK,Thread Group 1-3,text,true,,536,619,5,5,null,0,0,0
1693468970378,393,RDC_CreateRequest,000,OK,Thread Group 1-2,text,true,,536,619,5,5,null,0,0,0
1693468986266,381,RDC_CreateRequest,000,OK,Thread Group 1-5,text,true,,536,619,5,5,null,0,0,0
1693468986436,333,RDC_CreateRequest,000,OK,Thread Group 1-1,text,true,,536,619,5,5,null,0,0,0
1693468988289,411,RDC_CreateRequest,000,OK,Thread Group 1-4,text,true,,536,619,5,5,null,0,0,0
1693468988464,366,RDC_CreateRequest,000,OK,Thread Group 1-3,text,true,,536,619,5,5,null,0,0,0
1693468990777,344,RDC_CreateRequest,000,OK,Thread Group 1-2,text,true,,536,619,5,5,null,0,0,0
1693469006660,313,RDC_CreateRequest,000,OK,Thread Group 1-5,text,true,,536,619,5,5,null,0,0,0
1693469006785,470,RDC_CreateRequest,000,OK,Thread Group 1-1,text,true,,536,619,5,5,null,0,0,0
1693469008705,498,RDC_CreateRequest,000,OK,Thread Group 1-4,text,true,,536,619,5,5,null,0,0,0
1693469008849,409,RDC_CreateRequest,000,OK,Thread Group 1-3,text,true,,536,619,5,5,null,0,0,0
1693469011125,326,RDC_CreateRequest,000,OK,Thread Group 1-2,text,true,,536,619,5,5,null,0,0,0
1693469026991,538,RDC_CreateRequest,000,OK,Thread Group 1-5,text,true,,536,619,5,5,null,0,0,0
1693469027272,383,RDC_CreateRequest,000,OK,Thread Group 1-1,text,true,,536,619,5,5,null,0,0,0
1693469029208,337,RDC_CreateRequest,000,OK,Thread Group 1-4,text,true,,536,619,5,5,null,0,0,0
1693469029274,372,RDC_CreateRequest,000,OK,Thread Group 1-3,text,true,,536,619,5,5,null,0,0,0
1693469031455,361,RDC_CreateRequest,000,OK,Thread Group 1-2,text,true,,536,619,5,5,null,0,0,0
1693469047539,316,RDC_CreateRequest,000,OK,Thread Group 1-5,text,true,,536,619,5,5,null,0,0,0
1693469047663,402,RDC_CreateRequest,000,OK,Thread Group 1-1,text,true,,536,619,5,5,null,0,0,0
1693469049551,360,RDC_CreateRequest,000,OK,Thread Group 1-4,text,true,,536,619,5,5,null,0,0,0
1693469049665,353,RDC_CreateRequest,000,OK,Thread Group 1-3,text,true,,536,619,5,5,null,0,0,0
1693469051821,387,RDC_CreateRequest,000,OK,Thread Group 1-2,text,true,,536,619,5,5,null,0,0,0
1693469067861,363,RDC_CreateRequest,000,OK,Thread Group 1-5,text,true,,536,619,5,5,null,0,0,0
1693469068083,369,RDC_CreateRequest,000,OK,Thread Group 1-1,text,true,,536,619,5,5,null,0,0,0
1693469069914,481,RDC_CreateRequest,000,OK,Thread Group 1-4,text,true,,536,619,5,5,null,0,0,0
1693469070031,453,RDC_CreateRequest,000,OK,Thread Group 1-3,text,true,,536,619,5,5,null,0,0,0
1693469072212,415,RDC_CreateRequest,000,OK,Thread Group 1-2,text,true,,536,619,5,5,null,0,0,0
1693469088231,393,RDC_CreateRequest,000,OK,Thread Group 1-5,text,true,,536,619,5,5,null,0,0,0
1693469088466,694,RDC_CreateRequest,000,OK,Thread Group 1-1,text,true,,536,619,5,5,null,0,0,0
1693469090399,1045,RDC_CreateRequest,000,OK,Thread Group 1-4,text,true,,536,619,5,5,null,0,0,0
1693469090496,967,RDC_CreateRequest,000,OK,Thread Group 1-3,text,true,,536,619,5,5,null,0,0,0
1693469092632,353,RDC_CreateRequest,000,OK,Thread Group 1-2,text,true,,536,619,5,5,null,0,0,0
1693469108640,349,RDC_CreateRequest,000,OK,Thread Group 1-5,text,true,,536,619,5,5,null,0,0,0
1693469109165,355,RDC_CreateRequest,000,OK,Thread Group 1-1,text,true,,536,619,5,5,null,0,0,0
1693469111467,2583,RDC_CreateRequest,000,OK,Thread Group 1-3,text,true,,536,619,5,5,null,0,0,0
1693469111448,2886,RDC_CreateRequest,000,OK,Thread Group 1-4,text,true,,536,619,5,5,null,0,0,0
1693469112989,1449,RDC_CreateRequest,000,OK,Thread Group 1-2,text,true,,536,619,5,5,null,0,0,0
1693469129002,365,RDC_CreateRequest,000,OK,Thread Group 1-5,text,true,,536,619,5,5,null,0,0,0
1693469129524,379,RDC_CreateRequest,000,OK,Thread Group 1-1,text,true,,536,619,5,5,null,0,0,0
1693469134053,443,RDC_CreateRequest,000,OK,Thread Group 1-3,text,true,,536,619,5,5,null,0,0,0
1693469134341,364,RDC_CreateRequest,000,OK,Thread Group 1-4,text,true,,536,619,5,5,null,0,0,0
1693469134443,461,RDC_CreateRequest,000,OK,Thread Group 1-2,text,true,,536,619,5,5,null,0,0,0
1693469149381,384,RDC_CreateRequest,000,OK,Thread Group 1-5,text,true,,536,619,5,5,null,0,0,0
1693469149907,402,RDC_CreateRequest,000,OK,Thread Group 1-1,text,true,,536,619,5,5,null,0,0,0
1693469154508,410,RDC_CreateRequest,000,OK,Thread Group 1-3,text,true,,536,619,5,5,null,0,0,0
1693469154711,469,RDC_CreateRequest,000,OK,Thread Group 1-4,text,true,,536,619,5,5,null,0,0,0
1693469154909,430,RDC_CreateRequest,000,OK,Thread Group 1-2,text,true,,536,619,5,5,null,0,0,0
1693469169778,421,RDC_CreateRequest,000,OK,Thread Group 1-5,text,true,,536,619,5,5,null,0,0,0
1693469170313,396,RDC_CreateRequest,000,OK,Thread Group 1-1,text,true,,536,619,5,5,null,0,0,0
1693469174929,370,RDC_CreateRequest,000,OK,Thread Group 1-3,text,true,,536,619,5,5,null,0,0,0
1693469175195,415,RDC_CreateRequest,000,OK,Thread Group 1-4,text,true,,536,619,5,5,null,0,0,0
1693469175343,365,RDC_CreateRequest,000,OK,Thread Group 1-2,text,true,,536,619,5,5,null,0,0,0
1693469190207,509,RDC_CreateRequest,000,OK,Thread Group 1-5,text,true,,536,619,5,5,null,0,0,0
1693469190714,379,RDC_CreateRequest,000,OK,Thread Group 1-1,text,true,,536,619,5,5,null,0,0,0
1693469195302,345,RDC_CreateRequest,000,OK,Thread Group 1-3,text,true,,536,619,5,5,null,0,0,0
1693469195618,343,RDC_CreateRequest,000,OK,Thread Group 1-4,text,true,,536,619,5,5,null,0,0,0
1693469195711,375,RDC_CreateRequest,000,OK,Thread Group 1-2,text,true,,536,619,5,5,null,0,0,0
1693469210733,363,RDC_CreateRequest,000,OK,Thread Group 1-5,text,true,,536,619,5,5,null,0,0,0
1693469211099,379,RDC_CreateRequest,000,OK,Thread Group 1-1,text,true,,536,619,5,5,null,0,0,0
1693469215653,361,RDC_CreateRequest,000,OK,Thread Group 1-3,text,true,,536,619,5,5,null,0,0,0
1693469215968,341,RDC_CreateRequest,000,OK,Thread Group 1-4,text,true,,536,619,5,5,null,0,0,0
1693469216091,378,RDC_CreateRequest,000,OK,Thread Group 1-2,text,true,,536,619,5,5,null,0,0,0
1693469231114,289,RDC_CreateRequest,000,OK,Thread Group 1-5,text,true,,536,619,5,5,null,0,0,0
1693469231482,371,RDC_CreateRequest,000,OK,Thread Group 1-1,text,true,,536,619,5,5,null,0,0,0
1693469236019,319,RDC_CreateRequest,000,OK,Thread Group 1-3,text,true,,536,619,5,5,null,0,0,0
1693469236319,350,RDC_CreateRequest,000,OK,Thread Group 1-4,text,true,,536,619,5,5,null,0,0,0
1693469236475,357,RDC_CreateRequest,000,OK,Thread Group 1-2,text,true,,536,619,5,5,null,0,0,0
1693469251419,430,RDC_CreateRequest,000,OK,Thread Group 1-5,text,true,,536,619,5,5,null,0,0,0
1693469251856,330,RDC_CreateRequest,000,OK,Thread Group 1-1,text,true,,536,619,5,5,null,0,0,0
1693469256343,445,RDC_CreateRequest,000,OK,Thread Group 1-3,text,true,,536,619,5,5,null,0,0,0
1693469256674,327,RDC_CreateRequest,000,OK,Thread Group 1-4,text,true,,536,619,5,5,null,0,0,0
1693469256837,393,RDC_CreateRequest,000,OK,Thread Group 1-2,text,true,,536,619,5,5,null,0,0,0
1693469271860,408,RDC_CreateRequest,000,OK,Thread Group 1-5,text,true,,536,619,5,5,null,0,0,0
1693469272203,366,RDC_CreateRequest,000,OK,Thread Group 1-1,text,true,,536,619,5,5,null,0,0,0
1693469276792,1773,RDC_CreateRequest,000,OK,Thread Group 1-3,text,true,,536,619,5,5,null,0,0,0
1693469277234,1454,RDC_CreateRequest,000,OK,Thread Group 1-2,text,true,,536,619,5,5,null,0,0,0
1693469277014,1846,RDC_CreateRequest,000,OK,Thread Group 1-4,text,true,,536,619,5,5,null,0,0,0
1693469292277,384,RDC_CreateRequest,000,OK,Thread Group 1-5,text,true,,536,619,5,5,null,0,0,0
1693469292586,349,RDC_CreateRequest,000,OK,Thread Group 1-1,text,true,,536,619,5,5,null,0,0,0
1693469298572,423,RDC_CreateRequest,000,OK,Thread Group 1-3,text,true,,536,619,5,5,null,0,0,0
1693469298700,432,RDC_CreateRequest,000,OK,Thread Group 1-2,text,true,,536,619,5,5,null,0,0,0
1693469298866,442,RDC_CreateRequest,000,OK,Thread Group 1-4,text,true,,536,619,5,5,null,0,0,0
1693469312680,394,RDC_CreateRequest,000,OK,Thread Group 1-5,text,true,,536,619,5,5,null,0,0,0
1693469312946,342,RDC_CreateRequest,000,OK,Thread Group 1-1,text,true,,536,619,5,5,null,0,0,0
1693469318999,456,RDC_CreateRequest,000,OK,Thread Group 1-3,text,true,,536,619,5,5,null,0,0,0
1693469319143,432,RDC_CreateRequest,000,OK,Thread Group 1-2,text,true,,536,619,5,5,null,0,0,0
1693469319315,405,RDC_CreateRequest,000,OK,Thread Group 1-4,text,true,,536,619,5,5,null,0,0,0
1693469333091,379,RDC_CreateRequest,000,OK,Thread Group 1-5,text,true,,536,619,5,5,null,0,0,0
1693469333294,411,RDC_CreateRequest,000,OK,Thread Group 1-1,text,true,,536,619,5,5,null,0,0,0
1693469339459,329,RDC_CreateRequest,000,OK,Thread Group 1-3,text,true,,536,619,5,5,null,0,0,0
1693469339587,280,RDC_CreateRequest,000,OK,Thread Group 1-2,text,true,,536,619,5,5,null,0,0,0
1693469339726,326,RDC_CreateRequest,000,OK,Thread Group 1-4,text,true,,536,619,5,5,null,0,0,0
1693469353484,1214,RDC_CreateRequest,000,OK,Thread Group 1-5,text,true,,536,619,5,5,null,0,0,0
1693469353717,1064,RDC_CreateRequest,000,OK,Thread Group 1-1,text,true,,536,619,5,5,null,0,0,0
1693469359792,352,RDC_CreateRequest,000,OK,Thread Group 1-3,text,true,,536,619,5,5,null,0,0,0
1693469359873,451,RDC_CreateRequest,000,OK,Thread Group 1-2,text,true,,536,619,5,5,null,0,0,0
1693469360056,436,RDC_CreateRequest,000,OK,Thread Group 1-4,text,true,,536,619,5,5,null,0,0,0
1693469374705,2608,RDC_CreateRequest,000,OK,Thread Group 1-5,text,true,,536,619,5,5,null,0,0,0
1693469374799,2550,RDC_CreateRequest,000,OK,Thread Group 1-1,text,true,,536,619,5,5,null,0,0,0
1693469380148,420,RDC_CreateRequest,000,OK,Thread Group 1-3,text,true,,536,619,5,5,null,0,0,0
1693469380339,448,RDC_CreateRequest,000,OK,Thread Group 1-2,text,true,,536,619,5,5,null,0,0,0
1693469380496,343,RDC_CreateRequest,000,OK,Thread Group 1-4,text,true,,536,619,5,5,null,0,0,0
1693469397352,286,RDC_CreateRequest,000,OK,Thread Group 1-1,text,true,,536,619,5,5,null,0,0,0
1693469397321,353,RDC_CreateRequest,000,OK,Thread Group 1-5,text,true,,536,619,5,5,null,0,0,0
1693469400578,360,RDC_CreateRequest,000,OK,Thread Group 1-3,text,true,,536,619,5,5,null,0,0,0
1693469400800,488,RDC_CreateRequest,000,OK,Thread Group 1-2,text,true,,536,619,5,5,null,0,0,0
1693469400842,553,RDC_CreateRequest,000,OK,Thread Group 1-4,text,true,,536,619,5,5,null,0,0,0
1693469417648,431,RDC_CreateRequest,000,OK,Thread Group 1-1,text,true,,536,619,5,5,null,0,0,0
1693469417678,480,RDC_CreateRequest,000,OK,Thread Group 1-5,text,true,,536,619,5,5,null,0,0,0
1693469420942,347,RDC_CreateRequest,000,OK,Thread Group 1-3,text,true,,536,619,5,5,null,0,0,0
1693469421292,366,RDC_CreateRequest,000,OK,Thread Group 1-2,text,true,,536,619,5,5,null,0,0,0
1693469421404,397,RDC_CreateRequest,000,OK,Thread Group 1-4,text,true,,536,619,5,5,null,0,0,0
1693469438089,404,RDC_CreateRequest,000,OK,Thread Group 1-1,text,true,,536,619,5,5,null,0,0,0
1693469438167,391,RDC_CreateRequest,000,OK,Thread Group 1-5,text,true,,536,619,5,5,null,0,0,0
1693469441293,1955,RDC_CreateRequest,000,OK,Thread Group 1-3,text,true,,536,619,5,5,null,0,0,0
1693469441661,1614,RDC_CreateRequest,000,OK,Thread Group 1-2,text,true,,536,619,5,5,null,0,0,0
1693469441805,1471,RDC_CreateRequest,000,OK,Thread Group 1-4,text,true,,536,619,5,5,null,0,0,0
1693469458509,330,RDC_CreateRequest,000,OK,Thread Group 1-1,text,true,,536,619,5,5,null,0,0,0
1693469458572,383,RDC_CreateRequest,000,OK,Thread Group 1-5,text,true,,536,619,5,5,null,0,0,0
1693469463287,2803,RDC_CreateRequest,000,OK,Thread Group 1-2,text,true,,536,619,5,5,null,0,0,0
1693469463287,2916,RDC_CreateRequest,000,OK,Thread Group 1-4,text,true,,536,619,5,5,null,0,0,0
1693469463252,2979,RDC_CreateRequest,000,OK,Thread Group 1-3,text,true,,536,619,5,5,null,0,0,0
1693469478849,353,RDC_CreateRequest,000,OK,Thread Group 1-1,text,true,,536,619,5,5,null,0,0,0
1693469478972,371,RDC_CreateRequest,000,OK,Thread Group 1-5,text,true,,536,619,5,5,null,0,0,0
1693469486094,439,RDC_CreateRequest,000,OK,Thread Group 1-2,text,true,,536,619,5,5,null,0,0,0
1693469486207,379,RDC_CreateRequest,000,OK,Thread Group 1-4,text,true,,536,619,5,5,null,0,0,0
1693469486239,360,RDC_CreateRequest,000,OK,Thread Group 1-3,text,true,,536,619,5,5,null,0,0,0
1693469499221,390,RDC_CreateRequest,000,OK,Thread Group 1-1,text,true,,536,619,5,5,null,0,0,0
1693469499361,370,RDC_CreateRequest,000,OK,Thread Group 1-5,text,true,,536,619,5,5,null,0,0,0
1693469506537,309,RDC_CreateRequest,000,OK,Thread Group 1-2,text,true,,536,619,5,5,null,0,0,0
1693469506603,429,RDC_CreateRequest,000,OK,Thread Group 1-3,text,true,,536,619,5,5,null,0,0,0
1693469506603,451,RDC_CreateRequest,000,OK,Thread Group 1-4,text,true,,536,619,5,5,null,0,0,0
1693469519615,305,RDC_CreateRequest,000,OK,Thread Group 1-1,text,true,,536,619,5,5,null,0,0,0
1693469519740,407,RDC_CreateRequest,000,OK,Thread Group 1-5,text,true,,536,619,5,5,null,0,0,0
1693469526851,422,RDC_CreateRequest,000,OK,Thread Group 1-2,text,true,,536,619,5,5,null,0,0,0
1693469527057,418,RDC_CreateRequest,000,OK,Thread Group 1-4,text,true,,536,619,5,5,null,0,0,0
1693469527041,436,RDC_CreateRequest,000,OK,Thread Group 1-3,text,true,,536,619,5,5,null,0,0,0
1693469539939,3019,RDC_CreateRequest,000,OK,Thread Group 1-1,text,true,,536,619,5,5,null,0,0,0
1693469540156,2954,RDC_CreateRequest,000,OK,Thread Group 1-5,text,true,,536,619,5,5,null,0,0,0
1693469547276,455,RDC_CreateRequest,000,OK,Thread Group 1-2,text,true,,536,619,5,5,null,0,0,0
1693469547482,333,RDC_CreateRequest,000,OK,Thread Group 1-3,text,true,,536,619,5,5,null,0,0,0
1693469547484,449,RDC_CreateRequest,000,OK,Thread Group 1-4,text,true,,536,619,5,5,null,0,0,0
1693469562977,479,RDC_CreateRequest,000,OK,Thread Group 1-1,text,true,,536,619,5,5,null,0,0,0
1693469563118,478,RDC_CreateRequest,000,OK,Thread Group 1-5,text,true,,536,619,5,5,null,0,0,0
1693469567736,313,RDC_CreateRequest,000,OK,Thread Group 1-2,text,true,,536,619,5,5,null,0,0,0
1693469567833,508,RDC_CreateRequest,000,OK,Thread Group 1-3,text,true,,536,619,5,5,null,0,0,0
1693469567937,473,RDC_CreateRequest,000,OK,Thread Group 1-4,text,true,,536,619,5,5,null,0,0,0
1693469583460,466,RDC_CreateRequest,000,OK,Thread Group 1-1,text,true,,536,619,5,5,null,0,0,0
1693469583600,391,RDC_CreateRequest,000,OK,Thread Group 1-5,text,true,,536,619,5,5,null,0,0,0
1693469588053,418,RDC_CreateRequest,000,OK,Thread Group 1-2,text,true,,536,619,5,5,null,0,0,0
1693469588354,405,RDC_CreateRequest,000,OK,Thread Group 1-3,text,true,,536,619,5,5,null,0,0,0
1693469588413,399,RDC_CreateRequest,000,OK,Thread Group 1-4,text,true,,536,619,5,5,null,0,0,0
1693469603937,433,RDC_CreateRequest,000,OK,Thread Group 1-1,text,true,,536,619,5,5,null,0,0,0
1693469603998,399,RDC_CreateRequest,000,OK,Thread Group 1-5,text,true,,536,619,5,5,null,0,0,0
1693469608474,387,RDC_CreateRequest,000,OK,Thread Group 1-2,text,true,,536,619,5,5,null,0,0,0
1693469608775,374,RDC_CreateRequest,000,OK,Thread Group 1-3,text,true,,536,619,5,5,null,0,0,0
1693469608815,439,RDC_CreateRequest,000,OK,Thread Group 1-4,text,true,,536,619,5,5,null,0,0,0
1693469624406,365,RDC_CreateRequest,000,OK,Thread Group 1-5,text,true,,536,619,5,5,null,0,0,0
1693469624375,397,RDC_CreateRequest,000,OK,Thread Group 1-1,text,true,,536,619,5,5,null,0,0,0
1693469628866,3001,RDC_CreateRequest,000,OK,Thread Group 1-2,text,true,,536,619,5,5,null,0,0,0
1693469629166,2873,RDC_CreateRequest,000,OK,Thread Group 1-3,text,true,,536,619,5,5,null,0,0,0
1693469629258,2836,RDC_CreateRequest,000,OK,Thread Group 1-4,text,true,,536,619,5,5,null,0,0,0
1693469644788,346,RDC_CreateRequest,000,OK,Thread Group 1-5,text,true,,536,619,5,5,null,0,0,0
1693469644788,425,RDC_CreateRequest,000,OK,Thread Group 1-1,text,true,,536,619,5,5,null,0,0,0
1693469651871,511,RDC_CreateRequest,000,OK,Thread Group 1-2,text,true,,536,619,5,5,null,0,0,0
1693469652047,448,RDC_CreateRequest,000,OK,Thread Group 1-3,text,true,,536,619,5,5,null,0,0,0
1693469652100,539,RDC_CreateRequest,000,OK,Thread Group 1-4,text,true,,536,619,5,5,null,0,0,0
1693469665140,447,RDC_CreateRequest,000,OK,Thread Group 1-5,text,true,,536,619,5,5,null,0,0,0
1693469665216,422,RDC_CreateRequest,000,OK,Thread Group 1-1,text,true,,536,619,5,5,null,0,0,0
1693469672388,403,RDC_CreateRequest,000,OK,Thread Group 1-2,text,true,,536,619,5,5,null,0,0,0
1693469672500,382,RDC_CreateRequest,000,OK,Thread Group 1-3,text,true,,536,619,5,5,null,0,0,0
1693469672643,308,RDC_CreateRequest,000,OK,Thread Group 1-4,text,true,,536,619,5,5,null,0,0,0
1693469685649,332,RDC_CreateRequest,000,OK,Thread Group 1-1,text,true,,536,619,5,5,null,0,0,0
1693469685602,381,RDC_CreateRequest,000,OK,Thread Group 1-5,text,true,,536,619,5,5,null,0,0,0
1693469692955,309,RDC_CreateRequest,000,OK,Thread Group 1-4,text,true,,536,619,5,5,null,0,0,0
1693469692794,533,RDC_CreateRequest,000,OK,Thread Group 1-2,text,true,,536,619,5,5,null,0,0,0
1693469692891,479,RDC_CreateRequest,000,OK,Thread Group 1-3,text,true,,536,619,5,5,null,0,0,0
1693469705991,2818,RDC_CreateRequest,000,OK,Thread Group 1-5,text,true,,536,619,5,5,null,0,0,0
1693469705991,2853,RDC_CreateRequest,000,OK,Thread Group 1-1,text,true,,536,619,5,5,null,0,0,0
1693469713275,523,RDC_CreateRequest,000,OK,Thread Group 1-4,text,true,,536,619,5,5,null,0,0,0
1693469713341,458,RDC_CreateRequest,000,OK,Thread Group 1-2,text,true,,536,619,5,5,null,0,0,0
1693469713374,468,RDC_CreateRequest,000,OK,Thread Group 1-3,text,true,,536,619,5,5,null,0,0,0
1693469728821,495,RDC_CreateRequest,000,OK,Thread Group 1-5,text,true,,536,619,5,5,null,0,0,0
1693469728849,501,RDC_CreateRequest,000,OK,Thread Group 1-1,text,true,,536,619,5,5,null,0,0,0
1693469733802,345,RDC_CreateRequest,000,OK,Thread Group 1-2,text,true,,536,619,5,5,null,0,0,0
1693469733802,402,RDC_CreateRequest,000,OK,Thread Group 1-4,text,true,,536,619,5,5,null,0,0,0
1693469733847,393,RDC_CreateRequest,000,OK,Thread Group 1-3,text,true,,536,619,5,5,null,0,0,0
1693469749323,445,RDC_CreateRequest,000,OK,Thread Group 1-5,text,true,,536,619,5,5,null,0,0,0
1693469749353,441,RDC_CreateRequest,000,OK,Thread Group 1-1,text,true,,536,619,5,5,null,0,0,0
1693469754161,437,RDC_CreateRequest,000,OK,Thread Group 1-2,text,true,,536,619,5,5,null,0,0,0
1693469754244,503,RDC_CreateRequest,000,OK,Thread Group 1-3,text,true,,536,619,5,5,null,0,0,0
1693469754208,544,RDC_CreateRequest,000,OK,Thread Group 1-4,text,true,,536,619,5,5,null,0,0,0
1693469769783,401,RDC_CreateRequest,000,OK,Thread Group 1-5,text,true,,536,619,5,5,null,0,0,0
1693469769797,391,RDC_CreateRequest,000,OK,Thread Group 1-1,text,true,,536,619,5,5,null,0,0,0
1693469774603,339,RDC_CreateRequest,000,OK,Thread Group 1-2,text,true,,536,619,5,5,null,0,0,0
1693469774759,546,RDC_CreateRequest,000,OK,Thread Group 1-3,text,true,,536,619,5,5,null,0,0,0
1693469774760,553,RDC_CreateRequest,000,OK,Thread Group 1-4,text,true,,536,619,5,5,null,0,0,0
1693469790189,356,RDC_CreateRequest,000,OK,Thread Group 1-5,text,true,,536,619,5,5,null,0,0,0
1693469790204,355,RDC_CreateRequest,000,OK,Thread Group 1-1,text,true,,536,619,5,5,null,0,0,0
1693469795324,2958,RDC_CreateRequest,000,OK,Thread Group 1-4,text,true,,536,619,5,5,null,0,0,0
1693469794945,3445,RDC_CreateRequest,000,OK,Thread Group 1-2,text,true,,536,619,5,5,null,0,0,0
1693469795324,3200,RDC_CreateRequest,000,OK,Thread Group 1-3,text,true,,536,619,5,5,null,0,0,0
1693469810549,691,RDC_CreateRequest,000,OK,Thread Group 1-5,text,true,,536,619,5,5,null,0,0,0
1693469810564,682,RDC_CreateRequest,000,OK,Thread Group 1-1,text,true,,536,619,5,5,null,0,0,0
1693469818286,448,RDC_CreateRequest,000,OK,Thread Group 1-4,text,true,,536,619,5,5,null,0,0,0
1693469818394,496,RDC_CreateRequest,000,OK,Thread Group 1-2,text,true,,536,619,5,5,null,0,0,0
1693469818526,519,RDC_CreateRequest,000,OK,Thread Group 1-3,text,true,,536,619,5,5,null,0,0,0
1693469831252,394,RDC_CreateRequest,000,OK,Thread Group 1-5,text,true,,536,619,5,5,null,0,0,0
1693469831253,465,RDC_CreateRequest,000,OK,Thread Group 1-1,text,true,,536,619,5,5,null,0,0,0
1693469838739,320,RDC_CreateRequest,000,OK,Thread Group 1-4,text,true,,536,619,5,5,null,0,0,0
1693469838899,339,RDC_CreateRequest,000,OK,Thread Group 1-2,text,true,,536,619,5,5,null,0,0,0
1693469839050,294,RDC_CreateRequest,000,OK,Thread Group 1-3,text,true,,536,619,5,5,null,0,0,0
1693469851650,376,RDC_CreateRequest,000,OK,Thread Group 1-5,text,true,,536,619,5,5,null,0,0,0
1693469851728,299,RDC_CreateRequest,000,OK,Thread Group 1-1,text,true,,536,619,5,5,null,0,0,0
1693469859061,436,RDC_CreateRequest,000,OK,Thread Group 1-4,text,true,,536,619,5,5,null,0,0,0
1693469859252,369,RDC_CreateRequest,000,OK,Thread Group 1-2,text,true,,536,619,5,5,null,0,0,0
1693469859347,484,RDC_CreateRequest,000,OK,Thread Group 1-3,text,true,,536,619,5,5,null,0,0,0
1693469872044,432,RDC_CreateRequest,000,OK,Thread Group 1-1,text,true,,536,619,5,5,null,0,0,0
1693469872042,463,RDC_CreateRequest,000,OK,Thread Group 1-5,text,true,,536,619,5,5,null,0,0,0
1693469879501,372,RDC_CreateRequest,000,OK,Thread Group 1-4,text,true,,536,619,5,5,null,0,0,0
1693469879629,460,RDC_CreateRequest,000,OK,Thread Group 1-2,text,true,,536,619,5,5,null,0,0,0
1693469879836,572,RDC_CreateRequest,000,OK,Thread Group 1-3,text,true,,536,619,5,5,null,0,0,0
1693469892484,400,RDC_CreateRequest,000,OK,Thread Group 1-1,text,true,,536,619,5,5,null,0,0,0
1693469892515,453,RDC_CreateRequest,000,OK,Thread Group 1-5,text,true,,536,619,5,5,null,0,0,0
1693469899878,398,RDC_CreateRequest,000,OK,Thread Group 1-4,text,true,,536,619,5,5,null,0,0,0
1693469900100,492,RDC_CreateRequest,000,OK,Thread Group 1-2,text,true,,536,619,5,5,null,0,0,0
1693469900412,326,RDC_CreateRequest,000,OK,Thread Group 1-3,text,true,,536,619,5,5,null,0,0,0
1693469912904,369,RDC_CreateRequest,000,OK,Thread Group 1-1,text,true,,536,619,5,5,null,0,0,0
1693469912980,394,RDC_CreateRequest,000,OK,Thread Group 1-5,text,true,,536,619,5,5,null,0,0,0
1693469920280,417,RDC_CreateRequest,000,OK,Thread Group 1-4,text,true,,536,619,5,5,null,0,0,0
1693469920596,413,RDC_CreateRequest,000,OK,Thread Group 1-2,text,true,,536,619,5,5,null,0,0,0
1693469920746,441,RDC_CreateRequest,000,OK,Thread Group 1-3,text,true,,536,619,5,5,null,0,0,0
1693469933290,357,RDC_CreateRequest,000,OK,Thread Group 1-1,text,true,,536,619,5,5,null,0,0,0
1693469933385,403,RDC_CreateRequest,000,OK,Thread Group 1-5,text,true,,536,619,5,5,null,0,0,0
1693469940701,340,RDC_CreateRequest,000,OK,Thread Group 1-4,text,true,,536,619,5,5,null,0,0,0
1693469941016,452,RDC_CreateRequest,000,OK,Thread Group 1-2,text,true,,536,619,5,5,null,0,0,0
1693469941190,567,RDC_CreateRequest,000,OK,Thread Group 1-3,text,true,,536,619,5,5,null,0,0,0
1693469953664,403,RDC_CreateRequest,000,OK,Thread Group 1-1,text,true,,536,619,5,5,null,0,0,0
1693469953793,364,RDC_CreateRequest,000,OK,Thread Group 1-5,text,true,,536,619,5,5,null,0,0,0
1693469961046,364,RDC_CreateRequest,000,OK,Thread Group 1-4,text,true,,536,619,5,5,null,0,0,0
1693469961473,448,RDC_CreateRequest,000,OK,Thread Group 1-2,text,true,,536,619,5,5,null,0,0,0
1693469961773,419,RDC_CreateRequest,000,OK,Thread Group 1-3,text,true,,536,619,5,5,null,0,0,0
1693469974075,1882,RDC_CreateRequest,000,OK,Thread Group 1-1,text,true,,536,619,5,5,null,0,0,0
1693469974169,1868,RDC_CreateRequest,000,OK,Thread Group 1-5,text,true,,536,619,5,5,null,0,0,0
1693469981414,402,RDC_CreateRequest,000,OK,Thread Group 1-4,text,true,,536,619,5,5,null,0,0,0
1693469981933,334,RDC_CreateRequest,000,OK,Thread Group 1-2,text,true,,536,619,5,5,null,0,0,0
1693469982198,346,RDC_CreateRequest,000,OK,Thread Group 1-3,text,true,,536,619,5,5,null,0,0,0
1693469995960,347,RDC_CreateRequest,000,OK,Thread Group 1-1,text,true,,536,619,5,5,null,0,0,0
1693469996054,432,RDC_CreateRequest,000,OK,Thread Group 1-5,text,true,,536,619,5,5,null,0,0,0
1693470001821,646,RDC_CreateRequest,000,OK,Thread Group 1-4,text,true,,536,619,5,5,null,0,0,0
1693470002278,429,RDC_CreateRequest,000,OK,Thread Group 1-2,text,true,,536,619,5,5,null,0,0,0
1693470002549,497,RDC_CreateRequest,000,OK,Thread Group 1-3,text,true,,536,619,5,5,null,0,0,0
1693470016320,363,RDC_CreateRequest,000,OK,Thread Group 1-1,text,true,,536,619,5,5,null,0,0,0
1693470016492,415,RDC_CreateRequest,000,OK,Thread Group 1-5,text,true,,536,619,5,5,null,0,0,0
1693470022471,345,RDC_CreateRequest,000,OK,Thread Group 1-4,text,true,,536,619,5,5,null,0,0,0
1693470022724,343,RDC_CreateRequest,000,OK,Thread Group 1-2,text,true,,536,619,5,5,null,0,0,0
1693470023049,351,RDC_CreateRequest,000,OK,Thread Group 1-3,text,true,,536,619,5,5,null,0,0,0
1693470036690,385,RDC_CreateRequest,000,OK,Thread Group 1-1,text,true,,536,619,5,5,null,0,0,0
1693470036924,382,RDC_CreateRequest,000,OK,Thread Group 1-5,text,true,,536,619,5,5,null,0,0,0
1693470042827,329,RDC_CreateRequest,000,OK,Thread Group 1-4,text,true,,536,619,5,5,null,0,0,0
1693470043078,396,RDC_CreateRequest,000,OK,Thread Group 1-2,text,true,,536,619,5,5,null,0,0,0
1693470043404,444,RDC_CreateRequest,000,OK,Thread Group 1-3,text,true,,536,619,5,5,null,0,0,0
1693470057082,377,RDC_CreateRequest,000,OK,Thread Group 1-1,text,true,,536,619,5,5,null,0,0,0
1693470057317,391,RDC_CreateRequest,000,OK,Thread Group 1-5,text,true,,536,619,5,5,null,0,0,0
1693470063479,2229,RDC_CreateRequest,000,OK,Thread Group 1-2,text,true,,536,619,5,5,null,0,0,0
1693470063852,2652,RDC_CreateRequest,000,OK,Thread Group 1-3,text,true,,536,619,5,5,null,0,0,0
1693470063166,3480,RDC_CreateRequest,000,OK,Thread Group 1-4,text,true,,536,619,5,5,null,0,0,0
1693470077467,757,RDC_CreateRequest,000,OK,Thread Group 1-1,text,true,,536,619,5,5,null,0,0,0
1693470077717,685,RDC_CreateRequest,000,OK,Thread Group 1-5,text,true,,536,619,5,5,null,0,0,0
1693470085713,372,RDC_CreateRequest,000,OK,Thread Group 1-2,text,true,,536,619,5,5,null,0,0,0
1693470086509,303,RDC_CreateRequest,000,OK,Thread Group 1-3,text,true,,536,619,5,5,null,0,0,0
1693470086653,308,RDC_CreateRequest,000,OK,Thread Group 1-4,text,true,,536,619,5,5,null,0,0,0
1693470098236,438,RDC_CreateRequest,000,OK,Thread Group 1-1,text,true,,536,619,5,5,null,0,0,0
1693470098408,314,RDC_CreateRequest,000,OK,Thread Group 1-5,text,true,,536,619,5,5,null,0,0,0
1693470106089,464,RDC_CreateRequest,000,OK,Thread Group 1-2,text,true,,536,619,5,5,null,0,0,0
1693470106816,369,RDC_CreateRequest,000,OK,Thread Group 1-3,text,true,,536,619,5,5,null,0,0,0
1693470106975,351,RDC_CreateRequest,000,OK,Thread Group 1-4,text,true,,536,619,5,5,null,0,0,0
1693470118681,314,RDC_CreateRequest,000,OK,Thread Group 1-1,text,true,,536,619,5,5,null,0,0,0
1693470118728,343,RDC_CreateRequest,000,OK,Thread Group 1-5,text,true,,536,619,5,5,null,0,0,0
1693470126556,377,RDC_CreateRequest,000,OK,Thread Group 1-2,text,true,,536,619,5,5,null,0,0,0
1693470127187,430,RDC_CreateRequest,000,OK,Thread Group 1-3,text,true,,536,619,5,5,null,0,0,0
1693470127331,432,RDC_CreateRequest,000,OK,Thread Group 1-4,text,true,,536,619,5,5,null,0,0,0
1693470139005,389,RDC_CreateRequest,000,OK,Thread Group 1-1,text,true,,536,619,5,5,null,0,0,0
1693470139083,394,RDC_CreateRequest,000,OK,Thread Group 1-5,text,true,,536,619,5,5,null,0,0,0
1693470147627,9663,RDC_CreateRequest,000,OK,Thread Group 1-3,text,true,,536,619,5,5,null,0,0,0
1693470146937,10494,RDC_CreateRequest,000,OK,Thread Group 1-2,text,true,,536,619,5,5,null,0,0,0
1693470147767,10152,RDC_CreateRequest,000,OK,Thread Group 1-4,text,true,,536,619,5,5,null,0,0,0
1693470159411,3098,RDC_CreateRequest,000,OK,Thread Group 1-1,text,true,,536,619,5,5,null,0,0,0
1693470159489,3175,RDC_CreateRequest,000,OK,Thread Group 1-5,text,true,,536,619,5,5,null,0,0,0
1693470177294,463,RDC_CreateRequest,000,OK,Thread Group 1-3,text,true,,536,619,5,5,null,0,0,0
1693470177435,525,RDC_CreateRequest,000,OK,Thread Group 1-2,text,true,,536,619,5,5,null,0,0,0
1693470177923,312,RDC_CreateRequest,000,OK,Thread Group 1-4,text,true,,536,619,5,5,null,0,0,0
1693470182514,420,RDC_CreateRequest,000,OK,Thread Group 1-1,text,true,,536,619,5,5,null,0,0,0
1693470182669,509,RDC_CreateRequest,000,OK,Thread Group 1-5,text,true,,536,619,5,5,null,0,0,0
