P_Member,P_savingAccNo
Performance Test16,1103042038
Performance Test17,1103042039
Performance Test18,1103042040
Performance Test19,1103042041
Performance Test20,1103042042
Performance Test21,1103042043
Performance Test22,1103042044
Performance Test23,1103042045
Performance Test24,1103042046
Performance Test25,1103042047
Performance Test26,1103042048
Performance Test27,1103042049
Performance Test28,1103042050
Performance Test29,1103042051
Performance Test30,1103042052
Performance Test31,1103042053
Performance Test32,1103042054
Performance Test33,1103042055
Performance Test34,1103042056
Performance Test35,1103042057
Performance Test36,1103042058
Performance Test37,1103042059
Performance Test38,1103042060
Performance Test39,1103042061
Performance Test40,1103042062
Performance Test41,1103042063
Performance Test42,1103042064
Performance Test43,1103042065
Performance Test44,1103042066
Performance Test45,1103042067